first_name,last_name,address,date_of_birth
Sarah,Jenkins,"9 Harris Little St. Katherine, VIC, 4541",1975-06-21
John,Frye,"Unit 03 0 Brown Tor Nelsonfurt, ACT, 2105",1996-07-11
Sean,Johnson,"0/0 Rose Roads Port Margaret, NT, 2913",1997-10-05
Michelle,Stokes,"09 Davis Parade St. Jeremyport, NSW, 1735",2002-05-30
Jessica,Nelson,"3/72 Rachel Brace Benjaminville, TAS, 2139",1993-10-30
Bryan,Ramirez,"2 Baker Crossway Port Benjaminton, SA, 2661",1991-02-10
Sandra,Tate,"46 Jason Pocket Lindseyville, VIC, 7786",2007-10-08
Garrett,Nunez,"90 Khan Basin Benjaminside, TAS, 2839",1981-06-21
Amanda,Avila,"427/094 Murphy Copse West Steven, ACT, 2958",1975-04-02
John,Moore,"67 Patrick Thoroughfare Fosterside, WA, 2641",2014-12-22
Janet,Johnson,"669 Taylor Close South Sara, VIC, 2905",2012-12-11
Holly,Jones,"Suite 350 1 Copeland Roadside Port Matthew, NT, 2977",2010-03-18
Eric,Miller,"Suite 244 72 Martinez Basin Sarahfurt, TAS, 2013",1972-07-05
Mark,Kelly,"1 Virginia Frontage Lake Kimberlyview, NSW, 3207",1993-08-25
Randall,Jefferson,"81 Hughes Steps Wilsonborough, NSW, 2980",2022-07-23
Derek,Garcia,"0 Chambers Elbow Deniseton, ACT, 2948",2017-08-10
Brittany,Newman,"606 Monica Dell Lisamouth, SA, 8732",1979-06-04
Paul,Short,"Apt. 682 435 Jacqueline Turn New Nicholasville, NSW, 2920",2014-12-16
Sara,Mayo,"834 Carol Junction North Craig, ACT, 3776",1978-12-16
Cameron,Turner,"5/10 Mills Plateau Thomasfurt, VIC, 2373",1984-04-29
Jason,Hammond,"39 Denise Park Reedton, ACT, 2613",2021-07-10
Tony,Jones,"Level 1 4 Hayes Quad Patelchester, WA, 6888",1979-04-13
Samantha,Lam,"9 Breanna Dip Davisborough, WA, 2674",2007-09-12
Amanda,Rojas,"351 Lopez Thoroughfare South Karenmouth, WA, 2619",2002-04-01
Sean,Pittman,"59 Leah Corner Ellisville, TAS, 1057",1986-07-19
Brittany,Marshall,"170 Julie Rise East Ann, NSW, 3956",2009-11-25
Timothy,Green,"91 Jessica Heights Craigburgh, WA, 2392",1981-02-21
Daniel,Duncan,"Suite 713 25 Linda Footway New Jordan, TAS, 2636",2020-01-15
Laura,Bryant,"8 Ruth State Highway Cummingsmouth, NSW, 2603",1988-05-22
Kathryn,Zimmerman,"837 Andrew Rotary Timothymouth, VIC, 2453",1987-04-10
Lisa,Flores,"5/2 Samantha Riviera Jamesside, ACT, 5702",2004-05-05
Martin,King,"Apt. 647 34 Rojas Entrance Angelahaven, ACT, 2696",2021-11-16
Nicholas,Moore,"164/44 Natalie Rosebowl Lisaborough, ACT, 2898",1971-06-18
Sarah,Shaw,"427 Victor Pocket Lake Amber, SA, 2702",2022-08-16
Laura,Hall,"964 Garcia Dell Port Sheri, ACT, 2670",2022-08-21
Eric,Bass,"Apt. 490 137 Graham Strip Brewerville, ACT, 2917",1970-04-18
Douglas,Walker,"Flat 96 3 Cox Dale West Timothy, ACT, 0952",1989-06-11
Paul,Golden,"1 Mary Byway South Melissa, SA, 0936",2020-09-08
Melissa,Prince,"7 Todd Gardens Sherylfurt, NT, 2729",2014-10-31
Allison,West,"2/84 Allen Run St. William, NT, 2351",2015-12-29
Eric,Garcia,"18 Travis Boulevard Hernandezchester, VIC, 2388",2018-06-04
Spencer,Mccullough,"3/589 Phillips Riviera Lisahaven, ACT, 0204",2020-10-01
Jeffrey,Anderson,"984 Swanson Link Dawsonview, ACT, 1667",2001-06-17
Donna,Ali,"4 Smith Tor Melissaland, NT, 5286",1993-05-23
John,Hudson,"37 Snyder Freeway New Kayla, SA, 2650",1991-03-30
Spencer,Miller,"Level 3 339 Wendy Port Lindaside, NT, 2172",1999-01-29
Johnathan,Bryant,"Flat 98 6 Felicia Rosebowl Griffithtown, NSW, 7712",2020-04-24
Wayne,Blake,"50/6 Amy Siding Helenberg, NT, 2454",1999-08-16
Rachel,Simpson,"8 Denise Broadway Lake Jennaland, QLD, 1070",2011-04-19
Stephen,Ramirez,"Unit 65 772 Robert Street Lake Joseph, SA, 2619",1991-07-27
Garrett,Decker,"13 Reese Break East Marcus, SA, 4951",2023-01-16
Joshua,Henderson,"7 Martin Trail Scottfort, SA, 5967",1975-06-05
Brittany,Price,"151 James Junction West James, QLD, 2982",1988-08-18
Stephen,Gallegos,"29/1 Jade Viaduct Dominguezside, VIC, 2680",2008-02-08
Monica,Stone,"89 Taylor Expressway Cardenasfurt, WA, 2930",1975-03-11
Molly,Martinez,"9 Bethany Crossroad Maddenburgh, ACT, 2620",1972-04-14
Kathryn,Phelps,"907 Jason Green Madelinemouth, WA, 2948",1986-12-08
Brittany,Bass,"19/17 Russo Quay Lanehaven, SA, 2624",2008-11-24
Mary,Ross,"0/85 April Reserve Brianview, QLD, 2619",1970-11-23
David,Nunez,"053 Warren Frontage Ryanmouth, QLD, 2600",2018-09-19
James,Johnson,"945 Brian Point East Nicholashaven, VIC, 2615",2005-01-23
Lisa,Ramsey,"88/541 Rose Ride Santiagoside, ACT, 2619",1976-09-03
Debra,Bell,"76 Kim Laneway Lake Wendymouth, QLD, 2906",2011-01-01
Derek,Wilson,"466/687 Patel Alleyway North Amanda, VIC, 2926",2000-07-15
Sarah,Trujillo,"Level 5 2 Charles Mew Maryville, VIC, 1325",1978-08-18
Tina,Serrano,"44/02 Yesenia Riverway West Selenaport, WA, 2925",1991-10-15
Karen,Rivas,"5/95 Angela Formation East Tammy, QLD, 2320",1997-05-16
Amanda,Mccarthy,"Suite 207 93 Martin Drive South Jared, NT, 2993",1982-09-07
Hannah,Cooper,"Suite 754 629 Anthony Slope South Joannafurt, ACT, 2037",1983-04-16
Megan,Osborne,"Level 8 12 Heidi Brae Robertberg, SA, 2635",1983-04-03
Maria,Sherman,"65 Phillip Concourse Torresmouth, NT, 2601",2000-10-05
Lindsay,Bailey,"Level 0 2 Thomas Walk West Jeremyburgh, VIC, 2630",2023-05-24
Stacey,Miller,"55/956 Davis Follow South Deborah, WA, 2162",2017-02-25
Nicholas,Wise,"Level 6 76 Boyle Riviera South Shirley, VIC, 2920",2022-08-04
Sarah,Thompson,"0 Moore Flat Blakeville, VIC, 0817",2013-08-23
Matthew,Golden,"7 Elizabeth Chase Victoriafurt, ACT, 2688",2013-09-24
Mark,Rivas,"667 Carol Drive Lake Thomas, VIC, 9618",2018-05-14
Spencer,Lopez,"5 Blanchard Outlook Tylerberg, NSW, 1296",2004-12-11
Amanda,Walker,"27/3 Simon Gardens St. Donald, ACT, 2907",1980-06-16
Julie,Holmes,"5 Tonya Riverway Jimenezbury, NSW, 1833",2006-02-24
Douglas,Wilson,"3 Clifford Mount South Bruce, ACT, 2675",2023-01-06
Amanda,Oconnell,"Level 4 766 Alice Gate Lake Roger, TAS, 2708",1990-09-27
Laura,Huff,"Flat 49 3 Henry Place Briantown, ACT, 2905",1978-06-21
Ashley,Lowe,"Apt. 824 7 Cheryl Towers Hancockstad, NSW, 4351",1996-01-18
Douglas,Henry,"Suite 698 4 Tracy Grove Whitneystad, WA, 5929",1974-08-22
Laura,Robinson,"8 David Crossroad East Christine, ACT, 1128",1971-03-20
Daniel,Garcia,"792 Megan Grange East Christine, SA, 2678",2017-09-07
Ariana,Tran,"Suite 375 76 Adams Gap Foxport, NT, 2060",1980-09-09
Lindsay,Norton,"096/76 Graham Cove St. Hannah, QLD, 2390",2018-03-26
Garrett,Alvarez,"Apt. 113 455 Dominique Bridge Port Mariaville, NT, 2691",2016-01-27
Tony,Shaw,"516 Moss Point Richardfort, SA, 2619",1971-04-24
Stephen,White,"3/52 Ramos Pocket Lewisstad, SA, 8915",2010-08-25
Amanda,Molina,"34 Ashley Hill East Kristen, VIC, 5186",2013-07-23
Michael,Patel,"73 Theodore Laneway Penaberg, QLD, 2606",1970-06-08
Jessica,Bass,"Flat 22 0 Derek Corso Michaelmouth, NSW, 2157",1988-03-08
Robert,Bryant,"0 Jennifer Copse Howardhaven, SA, 2614",1986-08-28
Linda,Campbell,"Flat 28 837 Sharon View Port Andrewview, QLD, 2745",1971-02-23
Jessica,Johnson,"41 Payne Freeway East Karen, VIC, 2548",2007-12-24
Tracey,Roberts,"69/932 April Upper West Allison, QLD, 2972",2020-02-17
Jason,Robinson,"2/307 Brian Tollway South Alexander, TAS, 2620",1999-03-30
Megan,White,"Level 4 2 West Upper St. Scott, TAS, 2901",2013-07-16
Trevor,Ryan,"873 Gregory Little Melissaburgh, WA, 2645",1983-10-26
Michelle,Hubbard,"30 Wang Outlook Barnettland, WA, 2632",2018-05-13
Christopher,Ferrell,"8 Barr Gardens East Lisamouth, QLD, 2920",1979-12-04
Nicholas,Johnson,"09 Miguel Spur Allenton, NT, 2993",2002-09-27
Jaclyn,Weaver,"Suite 167 9 Jacqueline End Foxmouth, VIC, 3789",2020-12-12
Drew,Graham,"410 April Spur West Adam, QLD, 2623",2007-10-06
David,Short,"Flat 13 954 Rowe Mews St. Lindaport, WA, 2973",2009-11-23
Matthew,Miller,"Suite 289 403 Welch Run Lake Kathryn, NT, 2991",1993-08-17
Shawna,Glenn,"Unit 14 3 Cooper Trail Lake Ericberg, SA, 2628",2022-04-23
Stephen,Bryant,"740 Caitlin Driveway South Josephland, TAS, 2972",1997-08-24
William,Anderson,"26 Hansen Basin Briantown, VIC, 2636",1972-01-16
Eric,Mcclain,"87 Graves Garden North Kristopherstad, NSW, 2523",2005-10-01
Robert,Ray,"Unit 18 4 Moore Parklands Obrienburgh, NSW, 2416",2002-11-16
Max,Hudson,"Flat 29 9 Pena Brae Michaelview, TAS, 2235",1978-09-11
Samantha,Costa,"67/7 Baird Walk East Gregorybury, ACT, 4966",2016-06-03
Mark,Kennedy,"3 Poole Ride Johnsonmouth, QLD, 9970",2015-09-29
Laura,Serrano,"Unit 28 04 Jeremy Front Stephenstad, WA, 2986",1988-02-28
Yolanda,Jackson,"614 Maureen Foreshore Lake Nicoleside, WA, 2645",1995-11-08
Cameron,Powell,"Suite 560 34 Warren Quadrant North Sara, VIC, 1724",1991-11-19
Randall,Lee,"702 Johnson Vista Watsonton, QLD, 2693",1991-03-11
Amanda,Stevenson,"20 Brandy Wade Port Beth, TAS, 0977",1972-10-30
Julie,Wilson,"02 Davenport Parklands Richardsview, TAS, 2920",2008-11-16
Eric,Jones,"Unit 79 30 Joseph Plaza St. Gary, SA, 0935",1980-01-26
Anna,Ross,"51 Denise Tor Port Michelle, QLD, 2879",1987-01-18
Lisa,Roberts,"672 Kelley Ring North Joseph, QLD, 2675",2011-01-21
Molly,Davies,"Level 1 53 Morgan Tarn St. Laurafurt, QLD, 2260",1991-10-21
Logan,Brown,"0/488 Wilson Key Caseychester, VIC, 2642",2014-05-05
Francis,Dominguez,"078 Neal Dale Matthewbury, NSW, 3548",2012-10-19
Guy,Reeves,"Level 7 6 Danielle Elbow Chaseberg, SA, 2626",2006-09-16
Michael,Stevenson,"8 Garrett Triangle West Randyfurt, WA, 0957",1978-04-14
Monica,Bailey,"7 Santiago Fire Track West Kevinhaven, NSW, 8685",1972-07-05
Lindsay,Odonnell,"60/10 Osborne End Moodyside, TAS, 6033",1985-02-04
Christopher,Huffman,"024/74 Bell Villas Port Kenneth, SA, 8213",2003-03-09
Robert,Lam,"Suite 985 546 Mccarthy Dale St. Emily, NSW, 2084",2020-07-30
Hannah,Wood,"Apt. 269 4 Brianna Byway Hallville, QLD, 2605",2013-10-26
Henry,Norton,"212/2 Veronica Access Port Leslieborough, WA, 2626",2007-11-02
Ronnie,Hughes,"Apt. 925 100 Thompson Edge Hallside, TAS, 8958",1994-07-21
Eric,Fischer,"750 Jessica Reach West Keithview, NT, 2543",1976-07-24
Jason,Sherman,"417 Dunn Trail Kristentown, SA, 2689",2015-11-22
Amy,Bird,"39 Lewis Quay Evansmouth, TAS, 2664",1995-02-12
Joshua,Phelps,"9/8 Walker Sound Davidview, NT, 2628",1987-07-20
Kevin,Faulkner,"660 Gonzales Slope Rodneyshire, ACT, 2927",2009-03-08
Stacey,Wallace,"509 Hogan Circle Amandafort, SA, 0961",1981-02-27
Kelly,Nelson,"061 Mann Glade Jenniferton, WA, 2651",1988-02-26
Thomas,Hernandez,"4 Parker Gap Oliverberg, VIC, 2852",2007-08-14
Eric,Lara,"66 Christina Alley Nortonfurt, VIC, 6689",2009-01-10
Julie,Price,"Level 2 29 Stephens Parkway Lake Davidstad, WA, 2700",1993-03-19
Juan,Powers,"Apt. 488 69 Soto Dale Stephensonberg, NT, 0997",1989-09-13
Daniel,Weaver,"7/5 Lawson Tarn Charlesville, VIC, 0850",2017-02-07
Tina,Ali,"22/95 Johnson Chase East Briana, QLD, 2412",2011-01-09
Brandy,Taylor,"Level 1 703 Jeffrey Driveway South Ashleyville, TAS, 6994",2012-09-12
Randall,Williams,"Suite 318 223 Mcmillan Rotary North Emma, WA, 0206",2013-02-03
Molly,Warner,"17/0 May Towers North Jenniferstad, ACT, 2899",1992-01-25
Alexander,Anderson,"Level 6 165 Jared Villas Nguyenmouth, TAS, 2960",1973-01-10
Sandra,Patel,"Suite 391 12 Rebekah Extension Owensport, NSW, 2608",2011-11-01
Bryan,Hughes,"9 Carrie Crossroad St. Michael, SA, 2888",2008-05-01
Derek,Perez,"Suite 637 06 Jonathan Underpass Mckenziemouth, WA, 8786",1995-08-15
Max,Whitaker,"98 Black Anchorage Kristenberg, WA, 3423",1992-02-01
Kelsey,Reyes,"3 Harper Landing Morrisberg, QLD, 2359",2016-10-20
Linda,Hanson,"Unit 62 749 Green Circuit Schroederstad, ACT, 2619",1989-11-24
Kayla,Mendoza,"Level 6 227 Tyler Key South David, WA, 3587",1991-01-19
Julie,Graham,"Level 5 0 Jeffrey Beach Jonathanborough, TAS, 2958",1973-10-28
Jonathan,Walker,"082 Wood Reach Jasonland, NT, 2670",1985-04-18
Brian,Chase,"Level 9 009 Sims Estate West James, SA, 0248",1982-08-13
Benjamin,Figueroa,"090/760 Shawn Plateau New Melissaville, NT, 2546",1995-05-21
Janet,Smith,"06 Cook Dale West Kevin, ACT, 2460",1989-02-20
Stephen,Kennedy,"3/773 Melissa Lower St. Katherine, SA, 2617",2015-12-09
Amanda,Phelps,"Apt. 445 024 Mackenzie Walk New Megan, NSW, 2930",2023-02-17
Jennifer,Thompson,"5/338 Morales Dale North Rubentown, WA, 2619",1985-04-29
Tony,Hammond,"Unit 30 30 Leah Route South Lindastad, QLD, 3948",1994-08-04
Ricardo,Hudson,"Unit 57 9 Becker Way Danielmouth, ACT, 2965",2009-05-27
Miranda,Jordan,"Unit 44 371 Rich Pathway Port Matthewmouth, WA, 2664",2004-09-20
Jamie,Hubbard,"320 Ford Roadside Amymouth, SA, 2608",1971-04-10
Nathan,Frank,"927 Jane Estate East Jane, QLD, 2619",1987-08-23
Stephanie,Brown,"867/111 Sharon Mew Youngland, ACT, 2774",2016-02-18
Amanda,Henderson,"50 Singh Dell Patricktown, TAS, 2662",2021-05-05
Melissa,Todd,"Suite 576 45 Carrillo Cutting Hineshaven, NT, 2901",2006-04-14
Samantha,Oconnell,"Suite 321 93 Tamara Villas New Valerie, VIC, 2625",1990-05-30
Jonathan,Hall,"19 Welch Vista Cuevaston, SA, 2920",2018-09-15
Derek,Ray,"Flat 73 7 Williams Pocket South Anthony, WA, 2906",2001-07-21
Mark,Williams,"Suite 963 5 Vang Towers St. Paigeton, SA, 2260",1976-02-04
Tammy,Dillon,"Level 5 57 Jody Chase North Jessicaland, WA, 2969",1976-12-21
James,Davis,"Apt. 121 074 Moore Edge West Antoniostad, WA, 2929",2014-02-04
Richard,Case,"Level 6 274 Fowler Amble Leeberg, ACT, 2666",1996-04-08
Sarah,Allen,"35/61 Cooper Glade Lake Heidi, NT, 2920",1974-08-09
Daniel,Jordan,"6 Dakota Point North Robin, VIC, 2649",1999-11-22
Henry,Nunez,"4/28 Cole Follow South Angela, WA, 2635",2011-12-31
Sarah,Rivas,"6 Escobar Gully East Melanie, NT, 2958",2009-10-05
Dawn,Griffin,"Apt. 591 242 Ramirez Extension South Joseph, SA, 2613",1978-11-29
Heather,Price,"9 Jason Grove Pinedachester, WA, 2254",1988-08-12
Kelly,Oconnell,"122/314 Smith Lookout New Alexbury, TAS, 6239",2003-12-06
Ronnie,King,"1 Albert End Kaylastad, SA, 2642",1997-01-16
Daniel,Hodge,"67 Katherine Point Gallowayside, NT, 2229",2003-11-22
Andrew,Taylor,"7/42 Howard Stairs Port Jenniferville, QLD, 9887",2005-12-23
Kelly,Blake,"31 Kellie Ridgeway Lewisport, SA, 2643",2004-05-29
Jaclyn,Garcia,"Unit 66 32 Kidd Dell Patriciaville, ACT, 2858",2018-05-27
Leah,Taylor,"Unit 64 278 Macdonald Crossroad West Stephanieview, QLD, 9216",1996-01-08
Molly,Zamora,"Suite 979 0 Shawn Avenue South Lisa, VIC, 2975",1979-06-11
Dawn,Chase,"14/386 Robert Copse Tonymouth, QLD, 0283",2006-06-18
Katherine,Ortiz,"Suite 640 5 Timothy Green Port Catherineview, NT, 9764",1972-02-03
Matthew,Pham,"7 Mayer Quadrant St. Reneeborough, VIC, 2959",2002-10-01
Richard,Brown,"83 Griffin Round Petersport, SA, 2928",1970-10-27
Stephanie,Baker,"71 Williams Intersection Lake Shannon, TAS, 2662",1994-11-08
Daniel,Oneal,"6 Sarah Landing North Joshua, ACT, 2672",2002-08-20
Pamela,Obrien,"Unit 51 33 Jennifer Way Simonland, ACT, 2673",2016-01-15
Paula,Jordan,"05/9 Linda Roadside Barnestown, SA, 7147",1990-06-17
David,Mayer,"Unit 88 9 Tyler Cove Garrisonview, SA, 2975",2016-04-03
Raymond,Ramsey,"Level 6 88 Diane Bridge New Nancy, TAS, 2652",2015-12-02
Max,Decker,"4/53 Raymond Chase North Jeffreyfort, QLD, 2999",2011-01-26
Ann,Vasquez,"0 Walker Gates Port Sonia, VIC, 5798",1973-03-23
Douglas,Lara,"2 Andersen Vista Kathleenchester, SA, 0926",1974-09-20
Sean,Ferguson,"Suite 588 065 Robertson Centre Scotttown, NSW, 2071",2005-08-06
Derek,Powell,"99/4 Mueller Ground St. Ian, QLD, 2633",1981-03-12
Heather,Salazar,"2 Andrew Strand East Emily, NT, 2893",2012-12-24
Sarah,Ali,"1 Joseph Crossway South Anthony, ACT, 6282",1997-08-02
Sarah,Bradley,"Unit 24 1 Christensen Chase Martinmouth, TAS, 2064",2021-04-21
Michael,Ferguson,"40 Charles Quadrangle Spencerberg, VIC, 2994",2018-07-24
Brian,Peters,"964 Julia Crescent West Matthew, VIC, 2684",1996-02-01
Christina,Thompson,"219/248 Stanley Rue Salasside, NT, 2647",2008-06-12
Allison,Camacho,"482 Luis Lane West Sean, TAS, 3684",1976-05-28
Wayne,Flores,"4 Hayes Esplanade Andrewsfort, SA, 2920",2022-05-08
Thomas,Jones,"0/808 Brown Centreway Lindaland, TAS, 2649",2021-10-31
Michael,White,"Suite 592 40 Miller Vale North Jason, TAS, 6998",1980-03-12
Derek,Stone,"525 Valdez Freeway Ravenland, SA, 6006",2005-03-27
Mary,Griffin,"Flat 75 72 Deborah Quays Stevenburgh, QLD, 2654",1973-12-17
George,Jones,"Apt. 631 128 Rachel Parkway East Angela, ACT, 2619",2013-10-18
Heather,Ellis,"Flat 79 451 Adams Break Carrieborough, NSW, 2797",1975-03-12
Robert,Pruitt,"Unit 06 09 Watson Wade Kanemouth, ACT, 2600",1996-01-25
Sarah,Ward,"Apt. 702 278 Davies Intersection East Frederickshire, TAS, 2929",1986-08-01
Sarah,Perez,"Apt. 498 816 Rebecca Approach East Tina, TAS, 2443",1973-12-01
Michael,Oconnell,"1 Stacey Cross Port Lisaside, SA, 2806",2011-06-06
Monica,Combs,"Level 2 4 Perez Motorway Hayneshaven, ACT, 2062",2017-06-24
Melissa,Jones,"810/032 Brittany Elbow Mcdanielfurt, QLD, 2912",2005-06-02
Stephen,Fox,"Flat 93 3 Kristen Strand Port Rebecca, TAS, 2169",1980-02-20
David,Jones,"5 Kelly Heights Marktown, TAS, 2954",1974-10-25
Miranda,Flores,"1 Williams Villas Port Marilynton, WA, 9895",2012-01-03
Carla,Kelly,"1 Stephen Byway New Evelyn, ACT, 9636",2013-06-12
Benjamin,Kennedy,"6 Carolyn Intersection North Charlottechester, VIC, 2818",1975-09-25
Nicholas,Ferguson,"478 Robert Lookout St. Michellefort, NSW, 2587",1976-08-06
Maria,Norris,"48 Kristine View South Stephen, WA, 2957",1999-01-30
George,Wilson,"Flat 21 77 Jeffrey Pocket Juliehaven, VIC, 2956",2011-05-05
Wendy,Rodgers,"Suite 610 03 Billy Follow North Aaron, TAS, 2976",1988-03-15
Anita,Scott,"Apt. 154 186 Barrera Beach Sandovalfort, TAS, 2469",1999-07-23
Molly,Harrell,"98 Rivera Common North Laurahaven, NT, 7614",2010-05-11
Megan,Phelps,"Suite 616 6 Rocha Frontage West Larry, WA, 2913",1981-06-02
Tina,Molina,"Unit 16 84 Kaiser Top South Kennethview, ACT, 2972",2010-11-22
Benjamin,Smith,"5/752 Preston Expressway Deckerside, QLD, 2952",1991-07-04
Alicia,Campbell,"79/484 Michael Vale Lindseyhaven, TAS, 2044",1986-08-30
Spencer,Reynolds,"70/2 Cameron Ridge West Raymond, WA, 2749",1975-08-12
Amanda,Crawford,"234 Heath Fairway Jennybury, SA, 8113",1997-12-07
Katherine,Phelps,"2 Torres Reach Roystad, ACT, 2196",2011-07-25
Amanda,Harris,"4 Osborn Promenade Port Kenneth, TAS, 2903",1973-11-22
Anna,Mills,"083 Amanda Mew Mistystad, QLD, 2626",1979-05-09
Adam,Martin,"90 Garner Stairs South Jamesfurt, NT, 2619",2017-02-01
Linda,Jimenez,"3 Keller Ramble Hallfurt, NSW, 2291",1976-09-02
Yolanda,Dougherty,"7 Atkinson Close Teresafort, VIC, 2628",2012-02-27
Tina,Stewart,"Apt. 608 9 Tommy Steps Aliciahaven, SA, 2666",2004-11-16
Holly,Ruiz,"417 Mitchell Freeway New Elizabethmouth, SA, 2622",2006-06-18
Darren,Flores,"Flat 34 709 Patricia Triangle Tracyhaven, NT, 9504",1990-01-10
Brittany,Bentley,"Unit 60 58 Orr Green St. Rebecca, NT, 2150",2021-06-14
Leah,Flores,"839/253 Brittany Esplanade Traceyville, NT, 8059",1999-05-07
Mary,Moore,"Suite 655 9 Coleman Formation West Kelly, WA, 2920",2010-01-05
Ricardo,Ward,"Level 7 34 Maureen Sound St. Elizabethtown, NT, 2455",1994-05-01
Sarah,Banks,"0 West Reach Moniqueberg, SA, 2310",2015-02-11
John,Miller,"84 Harrison Right Of Way St. Monicaville, SA, 2610",1984-07-12
Eric,Tucker,"8 Avila Crescent Markton, NSW, 2498",2016-10-20
Julie,Murphy,"Unit 23 203 Nancy Vista Justinside, NSW, 2212",2000-09-27
Joyce,Richardson,"86 Larry Grove Port Kirstenborough, TAS, 2652",1979-01-27
Sean,Miller,"Level 4 64 Smith Row Hernandezhaven, WA, 2624",1984-04-22
Shelly,Lee,"190 Juan Causeway Wyattland, TAS, 2632",2004-01-11
Sean,Baker,"Unit 49 84 Turner Gully South Dominiquefort, ACT, 2977",2007-02-01
Amanda,Faulkner,"Unit 97 8 Lindsey Meander New Richardberg, SA, 2267",2012-12-08
Morgan,Thompson,"Suite 045 64 Donna Walk North Alecside, QLD, 2672",1975-05-09
Jessica,Griffin,"919 Jessica Firetrail North Jesus, SA, 1288",2011-08-23
Scott,Miller,"Apt. 704 5 Brown Viaduct Peterstad, NSW, 2948",2000-08-16
Anthony,Jefferson,"Flat 04 0 Susan Vale Cassandraside, TAS, 2496",2020-12-16
Wendy,Robinson,"38 Michael Laneway Anthonyshire, NT, 4516",1984-10-11
Dawn,Pruitt,"66/784 Laura Brace Combshaven, NSW, 3405",2021-06-06
Jeffrey,Johnson,"8 Barnett Corner Lake Brandonville, ACT, 2792",2021-05-10
Stephanie,Goodwin,"Apt. 471 2 Holland Parklands Barbaraland, TAS, 2608",1993-10-26
Shelly,Kaiser,"960 Wiggins Range Lake Carriefurt, VIC, 2669",2017-06-04
Paul,Prince,"740 Joseph Slope West April, NSW, 2129",2001-10-31
Felicia,King,"193 Montgomery Glen Michaelborough, NSW, 2962",2004-07-28
Michelle,Cain,"2 Brenda Loop Spencermouth, QLD, 0253",2011-11-15
William,Cox,"Unit 95 24 Campbell Promenade Marieton, VIC, 2947",2014-01-06
Mary,Molina,"64 William Villas Vargasborough, NSW, 2970",2022-11-21
Tami,Rangel,"7 Sharon Colonnade Port Karenville, SA, 2996",1973-07-01
Michael,Wilson,"Level 0 810 Diane Gates Paigeside, QLD, 2959",1985-05-24
Corey,Davis,"54 Atkins Crescent New Laurieborough, VIC, 2653",2015-01-10
Julie,Anderson,"Apt. 648 810 Michael Chase St. Monicafurt, ACT, 2744",1972-12-23
Leah,Reeves,"13 Clark Spur Tuckerside, ACT, 2995",2011-03-01
Megan,Ramsey,"28 Cindy Concourse West Steveview, ACT, 2917",1990-10-13
Derek,Tapia,"7/7 Parker Subway Clarkstad, QLD, 2756",2012-01-27
Elizabeth,Johnson,"1 Mitchell Centreway New Shannonview, NT, 0939",1983-03-10
Kathy,Bowen,"0 Beth Bend New Sheryl, NSW, 2946",2010-02-17
Anna,Martin,"39/863 Jackson Bridge Brentshire, QLD, 2409",1993-03-19
Craig,Molina,"55 Robinson Broadway Davidsonport, SA, 0804",1993-01-12
Robert,Pearson,"833/6 Dawn Alleyway Lake Jennifer, WA, 2920",2004-01-21
Ann,Pope,"498 Johnson Cruiseway Transhire, QLD, 2908",1998-05-26
Wendy,Newton,"Level 0 3 Heather Slope Georgetown, NSW, 9249",2021-10-15
Julie,Jordan,"Suite 670 41 Lisa Key South Jeffrey, NSW, 2917",1999-10-18
Michelle,Russell,"Flat 93 01 Nicole Frontage Rushstad, WA, 2673",1990-02-25
Henry,Smith,"777 Maria Steps Richardmouth, ACT, 4793",1989-01-26
Kathryn,Nunez,"1 Clements Cove West Austinhaven, WA, 2021",1977-09-17
Marc,Gonzalez,"Unit 66 8 Tanya Amble Alexton, QLD, 9914",2022-09-01
Jesus,Miller,"Level 6 598 Brown Quays Victoriaville, QLD, 2714",1994-02-28
Jessica,Vasquez,"Apt. 597 35 Lewis Plateau Lake Stanley, ACT, 2679",1995-07-02
Robert,Hernandez,"Flat 26 583 Julian Freeway New Cheryl, VIC, 2500",1978-06-21
Kayla,Bentley,"Flat 83 2 Marcus Grange East Jill, VIC, 2980",1981-07-24
Christina,Flores,"42 Michael Formation Thomasfurt, SA, 8732",1990-05-14
Eric,Miller,"29 Reed Terrace Brownview, TAS, 2634",1992-04-21
Spencer,Peters,"Flat 40 38 Tina Reach Connieside, ACT, 2999",2016-07-25
Christian,Coleman,"Suite 110 63 Miller Distributor Port Petermouth, WA, 2631",1971-02-09
Janet,Cobb,"664/030 Austin Gates St. Allison, QLD, 5599",1992-02-05
Karen,Freeman,"Level 5 193 Susan Quay Port Beth, NT, 2358",2003-01-09
Kyle,Stuart,"0/249 Ryan Row Taylorberg, NSW, 2653",2000-08-31
Raymond,Bird,"2 Hill Brace New Joshuaton, ACT, 2483",2000-07-13
Christina,Cain,"51 David Flat Lopezmouth, ACT, 0889",2012-02-27
Paul,Ryan,"Suite 788 680 Paul Deviation West Aaronside, NSW, 2218",2000-02-16
Tina,Johnson,"Flat 06 46 Leblanc Parade New Erika, QLD, 2696",1998-01-15
Erika,Crawford,"7 Jesse Expressway Garciafurt, SA, 2633",1999-11-18
Michael,Richardson,"31 Brenda Roadway South Joseph, NSW, 2646",2023-02-19
Julie,Williams,"342 Susan Causeway New Amber, ACT, 2920",1998-06-24
Belinda,Miller,"634 Day Frontage Gregorystad, QLD, 1178",1999-04-09
Melissa,Gallagher,"4/1 Underwood Line South Juanborough, TAS, 6156",2014-06-27
Derek,Fox,"7 Zuniga Driveway West Jeffreyhaven, NT, 0211",1997-09-03
Mark,Cochran,"63/3 Ortega Road Port Gabrielborough, TAS, 2534",2007-03-15
Derek,Mcconnell,"536 Richmond Common Millerchester, SA, 2124",1972-06-08
Hannah,Ramirez,"Level 4 41 Nathan Parklands Blakeborough, QLD, 2685",1994-01-25
Daniel,Galloway,"072 Christine Gate Saramouth, WA, 2911",1996-08-09
Kiara,Mayer,"Apt. 047 6 Melendez Follow St. Melanie, SA, 2674",1986-07-27
David,Smith,"Apt. 158 4 Anna Spur South Jeffrey, NSW, 2631",1989-08-06
Sandra,Baker,"927 Sullivan Byway Schneiderland, NSW, 2646",2016-01-17
Patricia,Brewer,"2 Adams Fire Track Millerchester, TAS, 2635",2022-08-11
Jessica,Hayes,"94 Hayden Plaza Lake Roberto, VIC, 2615",2007-01-03
Andre,Bryant,"Suite 283 77 Elliott Hill Port Danielville, WA, 2619",1992-03-21
Kenneth,Meyers,"Flat 81 581 Thomas Beach Rebeccaborough, QLD, 6836",1989-08-02
Eric,Ellis,"50 Bowen Centreway New Patrickshire, NSW, 2988",1970-01-06
Jennifer,Brown,"340/548 Jason Piazza North Amber, NT, 2910",2018-12-28
Kevin,Reilly,"Level 3 6 Darryl Parkway Mitchellton, TAS, 2444",2008-10-08
Corey,Johnson,"91/01 Hale Piazza South Katherine, NT, 2287",2000-06-04
Douglas,Sellers,"10 Brenda Triangle New Charles, ACT, 7113",2018-03-25
Maria,Camacho,"Apt. 396 3 Leonard Gate West Sandratown, NSW, 2609",1971-04-16
Paul,Price,"Flat 32 18 Smith Circuit St. Oscar, SA, 2586",1970-02-10
Sean,Munoz,"7/0 Shea Crescent Jessicafort, NT, 2601",2020-05-26
Luke,Thomas,"2 Sullivan Flat East Heather, TAS, 6902",1999-03-05
Sandra,Daniels,"4/66 Crane Tollway Selenahaven, NSW, 0879",1984-09-21
John,Lee,"74 Woodward Key Lopezburgh, VIC, 2912",1984-01-12
Miranda,Brown,"35 Susan Slope Snyderland, SA, 2604",1979-03-03
Kevin,Cabrera,"38/811 Douglas Broadway Lake Bradland, TAS, 2900",2009-06-20
Karen,Camacho,"Unit 15 64 Wiley Parklands Nicholechester, SA, 2688",2004-12-30
Tiffany,Powell,"52 Selena Esplanade Moranfurt, ACT, 2938",1981-01-31
April,Price,"721/204 Williams Basin Meadowsfort, WA, 0802",2017-01-30
Leah,Brown,"Flat 81 886 Lee Gardens South Robin, NSW, 2997",2020-02-16
Derek,Banks,"75 Luis Access Douglasview, QLD, 2987",2022-03-05
Stephen,Dominguez,"90/3 Tracy Vale Jamieburgh, NSW, 2920",2001-08-21
Julie,Miranda,"15 Brown Dale Port Williambury, QLD, 2364",1970-04-06
Martin,Kaiser,"3 Caleb Piazza Robinsonfurt, ACT, 2656",2000-04-11
Desiree,Bryant,"10 Ryan Terrace Ballardbury, WA, 0825",1989-02-17
William,Price,"92 Laurie Wynd Morganfurt, QLD, 2953",1998-01-05
Patricia,Johnson,"1/12 Montgomery Terrace Webbside, NT, 2473",2007-05-15
Max,Doyle,"46 Rivera Loop Jamesberg, NSW, 2854",1976-08-26
Troy,Vaughan,"6/54 Jeffrey Courtyard Lake Jeffreyville, QLD, 1689",1994-05-25
Francis,Soto,"11 Barnes Slope St. Brett, WA, 2648",1975-11-12
Christina,Hernandez,"9/4 Smith State Highway Sherryberg, QLD, 2150",1997-01-30
Patrick,Prince,"86/518 Oscar Top Harristown, WA, 0939",2012-12-27
Brenda,Gonzalez,"Level 1 68 Kimberly Trail Port Victoria, QLD, 2944",2021-03-14
Sarah,Smith,"Level 8 535 John Avenue Port Martin, ACT, 2607",2022-07-29
Julie,Hayes,"8 Paul Tor St. Heatherstad, QLD, 0202",2014-04-05
Emily,Rodriguez,"6 Green Rue Lake Nicole, NSW, 2482",2021-03-09
Jonathon,Thompson,"0/7 Sims Laneway St. Kylehaven, VIC, 4295",1981-02-12
Leah,Molina,"99 Johnson Intersection Lake Victoriatown, WA, 2541",2002-08-05
Karen,Ross,"Flat 32 37 Adrian Court North Christopherfurt, WA, 2395",2016-03-02
Pamela,Reeves,"2 Benjamin Triangle Lake Kelly, NT, 2978",1993-01-09
Eric,Owens,"Flat 69 3 Brandon Lees East Dorothymouth, SA, 2491",1984-12-18
Megan,Mason,"260 Alisha Rosebowl New Joeborough, QLD, 2974",1990-05-23
Katherine,Chaney,"Flat 52 6 Richards Circle Andrewshire, NSW, 2490",1978-02-05
Stephen,Hudson,"Flat 40 8 Thornton Gate Carsonberg, VIC, 1863",1992-02-04
Ann,Stone,"3 Clark Underpass Kramerberg, NSW, 5272",2004-05-27
Amanda,Prince,"991 Claire View Jenniferburgh, NT, 2010",2011-12-11
Brooke,Hill,"7 Aaron Freeway North Dana, ACT, 2250",1993-05-14
Timothy,Brown,"910 Miles End East Jared, NT, 2970",1986-02-15
Eric,West,"2 Shaw Meander Jonesview, ACT, 2648",1992-07-29
Michelle,Martinez,"7/9 Katherine Mount Port Christopherbury, NT, 2505",1981-01-22
Cameron,Hubbard,"4 Nathan Corner Sandersfort, TAS, 2999",2008-06-29
Ernest,Martin,"Unit 93 404 Christina Drive West Cathy, ACT, 2610",2009-06-25
Paul,Neal,"584 Laura Formation East Eddieberg, NT, 2656",2001-01-14
Megan,Hernandez,"543 Escobar Crossway Turnerville, NSW, 0865",1971-02-09
Douglas,Gonzalez,"9/032 Soto Boulevard Snyderhaven, WA, 6258",1979-10-12
Sandra,Figueroa,"16/4 Adam Round Brittanyhaven, WA, 2131",1979-03-25
Brian,Powell,"Suite 992 9 Page Row Jonesport, NT, 2610",1994-11-17
Garrett,Scott,"84 Keith Expressway Clarkview, ACT, 0985",1982-07-13
Craig,Acosta,"Level 6 6 Cook Amble East Lindahaven, SA, 2967",2004-02-22
James,Anderson,"Suite 575 844 Ward Rotary New Williamshire, NT, 2394",1981-03-05
Robert,Sherman,"36 Velazquez View Thompsonport, VIC, 4450",1988-04-25
Jennifer,Roach,"4 Andrea Lane Lake Deborah, NSW, 2602",2019-10-05
Michael,Ellis,"720 Mclaughlin Link East Jason, SA, 1145",2003-09-08
Ryan,Robinson,"159 Philip Brace Sharonside, VIC, 2549",2007-11-08
Adam,Wolfe,"3 Monica Estate North Mariaville, VIC, 9524",2019-04-16
Timothy,Anderson,"Suite 148 84 Rodriguez Formation Jamesland, ACT, 2643",1975-11-24
Brittany,Bailey,"Apt. 908 02 Jeremy Common Lake Heather, QLD, 2103",1983-01-04
Tina,Nunez,"5 William Loop St. Kenneth, ACT, 2656",1989-02-08
Christina,Garcia,"0 Keith Nook Potterberg, NT, 2660",1970-11-09
Corey,Cortez,"Unit 29 822 Parker Plateau Stewartside, NSW, 2656",1980-01-12
Christina,Baker,"327 Small Colonnade Smithhaven, WA, 2920",1978-06-13
Jennifer,Thomas,"398/07 Evans Intersection South Briantown, WA, 2207",2000-05-12
Paul,Delacruz,"66 Erin Stairs South Mark, VIC, 2428",2014-09-18
Jeffrey,Brown,"7 George Firetrail Jillport, VIC, 2652",2016-09-01
Sarah,Hines,"66/695 Santana Fire Track North Adam, NSW, 2630",2020-09-16
Douglas,Smith,"13 Gonzalez Service Way Port William, SA, 2980",2007-09-15
Thomas,Weaver,"4 Thompson Ridgeway Hardingshire, TAS, 2963",2004-09-02
Randall,Lewis,"Flat 36 67 Swanson Retreat Powellville, SA, 2665",2009-06-02
Lisa,Hill,"Level 7 44 Simmons Trail Sherylton, TAS, 2616",2009-05-30
Cody,Price,"17 Ricardo Hill Tranmouth, VIC, 2908",1988-11-26
Logan,Buchanan,"418 Hall Centreway Joshuaport, QLD, 2954",1976-08-26
Molly,Morris,"13 Mcdonald Mew East Lisa, NT, 9379",2014-03-23
Katherine,Miller,"26/7 Deborah Esplanade Sullivanville, WA, 2310",2008-05-30
Sherri,Reeves,"1/2 Harrison Dip East Carrie, SA, 2524",2019-10-10
James,Cardenas,"224 Richardson Roadway North Laurie, NT, 2920",2019-07-04
Randall,Ruiz,"79/28 Cox Tarn North Adriana, VIC, 0864",2022-05-16
Derek,Morris,"744 Miller Plateau New Tara, NT, 6500",2015-12-16
David,Miranda,"Level 1 55 Richard Corner Lake Heathermouth, NT, 2994",1974-01-22
Christina,Garcia,"849/71 Kyle Path Wilcoxmouth, SA, 2459",1999-07-13
Cameron,Garcia,"281 Vasquez Approach Walkerport, ACT, 2992",2017-09-22
Molly,Hernandez,"53 Aaron Arcade Lake Patricia, ACT, 2940",1981-03-15
Benjamin,Waters,"58/12 Amy Stairs Amybury, ACT, 2008",1973-12-20
Catherine,Robinson,"59 Page Gully St. Stevenville, TAS, 0856",2007-01-29
Eric,Morales,"3/90 Jeffrey Deviation East Laurenhaven, VIC, 1428",2004-05-06
John,Cooper,"4 Christine Viaduct West Jose, NSW, 2920",1987-02-16
Nathan,Delacruz,"5 Burke Hill Michaelfort, NSW, 2972",2005-02-18
Katie,Martin,"Apt. 520 4 Teresa Lower Lake Rachelmouth, WA, 2917",1990-09-26
Brittany,Hayes,"9 Reynolds Artery East Anna, QLD, 0273",1976-12-31
Tina,Vasquez,"5 Morales Crossroad Christopherville, SA, 2935",2023-08-23
Karen,Cortez,"41 Heather Pocket St. Paul, ACT, 2619",2011-05-24
Guy,Perkins,"Level 3 89 Jonathan Corso Heathermouth, NT, 0933",1976-02-14
Jason,Chang,"1 Martinez Trail Lake Patricia, QLD, 2303",1996-05-02
Paul,Bentley,"941/43 Kayla Crossing Gillland, VIC, 2619",1982-07-10
Sarah,Ewing,"864/297 Dakota Quays South Adriennefort, TAS, 2618",1997-07-24
Michael,Cruz,"114/9 Murphy Trail West Lynn, VIC, 2629",1973-05-11
Jennifer,Kennedy,"16 Woodward Crossing Tuckerborough, NT, 2683",2008-01-07
Jeffrey,Bray,"92 Jacob Key Johnstonland, QLD, 0922",2004-08-24
David,Harrison,"Suite 102 98 Johnson Fire Track South Lauraberg, VIC, 2964",1984-02-21
Katherine,Ali,"980 Wilson Retreat Cassandratown, NSW, 2898",1989-07-06
Michael,Ali,"901 Jesse Colonnade West James, TAS, 0216",2015-05-06
Philip,Galloway,"485 Dunlap Strand Rodriguezville, WA, 2604",1973-03-31
Donna,Whitaker,"1 Emily Crescent Lewismouth, WA, 2920",1974-04-02
Timothy,Miller,"084 Edwards Bypass Paulmouth, WA, 2278",1981-08-03
Katherine,Mason,"Flat 13 9 Hebert Access Bradleyside, WA, 2652",1988-05-22
Jennifer,Schneider,"1 Berg State Highway West Stephen, VIC, 2561",1986-07-02
Julia,Miller,"64 Gilbert Dell St. Gary, WA, 0279",1994-05-10
William,Camacho,"5 Danielle Boulevard Watsontown, NSW, 2630",1986-03-02
Sarah,Fuller,"6 Susan Reserve Grantstad, SA, 4646",1984-12-24
Michelle,Wolfe,"Level 2 503 Justin Underpass Annaborough, QLD, 2619",1994-05-04
Sarah,Nunez,"79 Philip Crossroad Jasonberg, ACT, 2928",1997-04-30
Kevin,Rodriguez,"57 Young Thoroughfare Flemington, NSW, 2992",2004-12-17
Jessica,Lewis,"744 Catherine Viaduct Port Marthatown, VIC, 0235",1983-12-09
Tom,Short,"Apt. 772 041 Jeffrey Wynd South Jonathanstad, NT, 2852",1976-03-25
Shannon,Mcclain,"Flat 00 48 Bobby Range Lake Donna, ACT, 2931",1998-08-24
Victoria,Reeves,"01 Ware Courtyard Lake Lisa, QLD, 2380",2004-10-04
Brenda,Gonzalez,"934 Brian Frontage Blanchardchester, NT, 2234",2001-10-30
Mary,Decker,"87 Wendy River East Angela, VIC, 0887",1990-06-10
Kevin,Carpenter,"685 Devon Pocket Meganland, ACT, 2959",2012-03-10
Kevin,Powers,"Flat 69 3 Nelson Byway North Deniseburgh, WA, 2619",2006-05-22
Cindy,Fowler,"43 Stephanie Copse North Donnatown, ACT, 0203",1987-12-18
Nathan,Whitaker,"924 Francis Basin Ellisborough, ACT, 2920",1982-02-02
Michelle,Morales,"934 Henry Glade Port Benjaminfurt, TAS, 2976",2022-03-25
Jessica,Roberts,"Apt. 350 368 Olivia Distributor St. Christine, QLD, 2665",1993-02-02
Stephen,Stone,"206 Mendez Deviation Alyssaberg, SA, 2274",1992-05-20
Nathan,Cruz,"Suite 455 2 Melissa Little Courtneyshire, NT, 2920",2012-05-07
Julia,Moore,"Unit 14 6 Haley Bend Davidside, NT, 0919",1989-09-19
Amanda,Thompson,"Flat 68 7 Smith Crossing Adamston, NSW, 2920",2021-02-08
Mark,Griffin,"7/348 John Crossroad St. Jamesfort, QLD, 2903",1974-03-03
Max,King,"854 Bradley Strip Port Jennifer, NSW, 3779",2020-03-23
Christina,Gutierrez,"83 Harrison Line South Anthonyville, WA, 2683",1975-01-01
Karen,Johnston,"Suite 401 05 John Copse Bookerbury, SA, 2487",1975-01-26
Richard,Jones,"829 Michael Brow Georgebury, ACT, 1913",2016-09-15
Katherine,Stephenson,"95 Johnson Crossroad East Kristen, QLD, 0955",2019-03-05
Victoria,Caldwell,"Unit 50 7 Brown Plaza West Robertmouth, NT, 6328",2018-03-02
Brandon,Wise,"8 Brian Formation West Donna, NT, 7306",1985-04-18
Michael,Leonard,"Suite 192 197 Harvey Way Grantton, NSW, 0212",1987-02-11
Larry,Hubbard,"501/471 Brian Deviation Wilsonside, WA, 2375",1995-01-02
Shelly,Murphy,"Unit 74 0 Jimenez Distributor Alexandershire, NSW, 7529",1980-08-18
Janet,Taylor,"Level 4 5 Clayton Corso Santiagobury, VIC, 2461",2015-01-13
Sarah,Ali,"56 Allison Garden Michaelburgh, WA, 2969",2019-01-13
Eric,Short,"744 Shaw Corner Port Jackiehaven, NSW, 2996",2021-08-04
Kathryn,Huff,"Flat 45 71 Jerry Freeway Lake Danielle, SA, 7796",2001-11-14
Janet,Harrison,"Suite 254 05 Palmer Point St. Dominiquebury, NT, 2980",2006-01-18
Amanda,Sherman,"446/6 Schmidt Lookout Johnsonfurt, NT, 2616",1979-10-02
Patrick,Lee,"Apt. 499 78 Cheryl River Lake Andrew, WA, 2009",2013-08-25
Samantha,Erickson,"774 Charles Fairway South Janet, QLD, 9197",1979-05-18
Melissa,Spencer,"Apt. 685 184 Johnson Cove East Katieview, VIC, 2513",2019-08-14
Martin,Mayer,"5 Vanessa Crossroad Chadton, WA, 7953",2002-08-06
Craig,Hinton,"162/25 Troy Range Port Nicole, SA, 6098",1988-01-05
Guy,Brown,"22 Lawson Arcade West Michaelborough, VIC, 8356",2007-01-03
Julie,Davis,"Flat 71 227 David Crossing Lake Erin, ACT, 2921",2001-03-21
Katherine,Banks,"Level 6 3 Kidd Circlet North Jasonburgh, NSW, 2647",2006-01-27
Bradley,White,"107 Heather Avenue Ryanborough, ACT, 2682",2002-10-04
Erika,Boyd,"783 Lisa Point West Thomasside, NSW, 2913",2020-05-18
Brenda,Ponce,"1 Martin Riverway Peterbury, ACT, 8285",1982-05-21
Kathryn,Nguyen,"Apt. 289 58 Mckenzie Riverway Port Amanda, SA, 2643",2005-09-18
Spencer,Hayes,"5 Brian Circus Floresville, WA, 2698",1992-01-08
Anthony,Gallegos,"497 Villa Cruiseway West Julieberg, NT, 2950",2015-10-19
Courtney,Adams,"4 Davis Port New Larrymouth, TAS, 2985",1976-04-27
Kelsey,Thompson,"39 Roberts Tarn North Barbaraberg, VIC, 2252",1977-11-14
Derek,Wise,"293 Bartlett Track Franciscofurt, TAS, 2901",1995-08-15
Ronnie,Kennedy,"2 Evans Boulevard Andersonview, VIC, 5543",2011-01-15
Brittany,Flores,"6/4 Brown River Donaldsonmouth, NT, 0236",2001-03-21
Laura,Henderson,"Level 4 4 Everett Basin Port Joshua, NSW, 2922",2001-07-28
Jesse,Deleon,"2 Simpson Slope South Stephanie, ACT, 2943",2014-02-17
Nicholas,Peters,"00/81 Sarah Glen Port Joshuaside, QLD, 2656",2013-09-19
Mary,Holt,"85 Craig Parkway Harrisborough, NT, 2231",1989-12-21
Douglas,Scott,"6 Erin Courtyard Ortegaburgh, NT, 2265",2006-02-27
Benjamin,Price,"0/609 Erika Track Allisonmouth, NSW, 9098",2000-03-07
Robert,Coleman,"Suite 116 102 Patterson Glen North Christopher, WA, 2922",1992-03-19
Craig,Martinez,"502 Reid Underpass Russellchester, VIC, 2920",1973-04-30
Christina,Houston,"36 Garcia Gate Russellport, NSW, 2005",2012-05-27
Robert,Rios,"52 Kristin Access St. Alex, VIC, 2882",1984-08-12
Courtney,Meyers,"716 Trevor Follow Sherryhaven, SA, 6525",2022-03-21
Tony,Golden,"Apt. 669 068 Joel Glen Luisville, TAS, 2657",1983-02-03
Timothy,Harper,"70 Emily Common Johnmouth, ACT, 5683",1981-12-23
Jaclyn,Powell,"88 Alvarez Little Durhamhaven, NT, 2605",1993-10-07
Shannon,Jordan,"49/352 Oliver Rest Port Jamesside, SA, 6492",2015-11-25
Derek,Munoz,"350/262 Keller Gardens Haleyview, VIC, 2682",1983-04-18
Mark,Harrison,"Apt. 292 00 Michael Crossway Emmaport, SA, 1163",1990-04-21
Tonya,Christian,"368/2 Reyes Crossroad Hoffmanton, WA, 2669",2023-02-06
Max,Murphy,"3 Katherine Quay Daltonbury, TAS, 2678",1976-09-11
Robert,Collins,"1 Roberts Bridge Cardenaschester, QLD, 2619",1976-10-17
Kevin,Freeman,"93 Brian Tor Joseville, WA, 2619",1974-12-27
Amanda,Hubbard,"543 Ramirez Mew West Kristin, WA, 6640",1978-02-05
Stacey,Scott,"224/443 Michael Key St. Andrew, ACT, 2215",2000-12-26
James,Hudson,"82 Johnson Basin Rodriguezville, ACT, 2961",2001-02-20
Andrea,Brown,"811 Williamson Link New Anthonyshire, SA, 2961",2019-02-06
Julie,Weaver,"29 Aaron Mews Deborahfort, VIC, 2965",2021-12-28
Karen,Garcia,"Level 0 403 James Basin Gardnerfurt, WA, 7010",2018-07-14
Martin,Camacho,"5 Bowen Flat Phillipsmouth, NT, 2918",1997-11-13
Leah,Owens,"Apt. 463 15 Zimmerman Link Lake Michaelshire, NT, 0288",1979-07-17
Kristina,Stone,"Unit 22 82 Mcintyre Corso Hoovermouth, VIC, 7268",2006-10-31
Garrett,Gonzalez,"061 Martin Common Cliffordhaven, NT, 2104",1997-04-08
Wendy,Morris,"Apt. 084 899 Jacob Meander Tiffanymouth, ACT, 2495",2005-10-17
Garrett,Bailey,"3 Jacob Ridgeway Colemanville, TAS, 7980",1975-03-29
Eric,Hernandez,"146 Copeland Lower Richardberg, VIC, 7258",1996-05-12
Robert,Dominguez,"Flat 81 910 Reyes Towers Dawnhaven, ACT, 9233",1982-05-04
Jessica,Bryant,"Apt. 718 43 Randy Wynd West Sonyaside, VIC, 3209",1975-11-06
Lori,Burch,"50 Tanner Break Turnertown, ACT, 9272",2004-03-18
Jennifer,Decker,"Level 5 8 Davis Dell Port Madison, SA, 2961",1981-01-15
Stephanie,Joseph,"Level 6 73 Samuel Heights Brewerburgh, NT, 2603",1992-08-09
Sarah,Avila,"992 Gardner Ramp East Edwardshire, NT, 2214",2009-11-26
Michael,Henderson,"4 Mary Colonnade Wilsonville, QLD, 2934",2002-01-15
Michelle,Brown,"Apt. 945 584 Evans Circlet St. Rhonda, NT, 9911",1983-01-15
Donna,Walls,"Apt. 331 3 David Gates South Julia, QLD, 2638",1987-04-19
Brian,Stone,"2 Payne Heights South Joshuatown, VIC, 2078",1973-09-28
Kurt,Powers,"Level 5 24 Meadows Artery Port Christopher, TAS, 0886",1970-04-20
Kyle,Roach,"4 Acosta Park Thompsonberg, QLD, 2961",2008-04-09
David,Hudson,"9 Jeremy Extension East Donaldland, TAS, 7988",1992-06-20
Maria,Miles,"6 Glenn Highway Kimberlyhaven, VIC, 2939",1986-05-20
Kyle,Curry,"197/189 Clayton Gully South Rachel, ACT, 2167",2008-04-11
Derek,Mccullough,"Level 4 6 Danny Formation New Loriville, SA, 2619",2012-11-21
Angela,Collier,"17 Kiara Deviation Lake Ashley, VIC, 2989",1985-12-12
Andrea,Ellis,"Flat 27 02 Larry Trail Heatherchester, ACT, 2607",1999-07-24
Leah,Graves,"Level 1 1 Cordova Lower Brianmouth, NT, 2920",2004-06-02
Heather,Ramirez,"5 Villanueva Trunkway Lindachester, ACT, 2684",1985-11-07
Rodney,Garcia,"882 Charles Roadway Donaldtown, SA, 2897",2002-01-03
Maria,Bryant,"Flat 46 8 Nixon Point Williamsview, ACT, 8701",1994-05-06
Bryan,Carroll,"30 Barber Quays Matthewschester, TAS, 2488",1971-10-14
Kaitlyn,Oconnell,"Flat 44 80 Daniel Link Port Amymouth, TAS, 2629",1979-05-29
Francis,Price,"042 Taylor Part Port Danielton, WA, 2930",1979-07-14
Shelly,Wallace,"86 Phillips Pocket West Michael, VIC, 2657",1994-12-31
Anita,Kelley,"6/729 Emma Copse Danielland, VIC, 2732",2020-06-09
Karen,Kelley,"43/01 Brennan Circuit Edwardhaven, SA, 2951",1976-07-09
Oscar,Hernandez,"8 Pamela Circlet West Nicole, WA, 2440",2013-03-25
Ricardo,Williams,"04 Kirby Mew South Theresa, SA, 2200",1988-12-19
Kelly,Powers,"Level 1 3 Nicole Boulevard Lake Paul, ACT, 2849",2023-06-01
Hannah,Morris,"355 Wilson Hill St. Christopher, NT, 2041",1979-08-04
Kelly,Davis,"66 Foster Estate Cassandraland, TAS, 5993",2018-06-12
Katherine,Garcia,"07/5 Owens Common Sonyaview, VIC, 2679",2011-04-14
Anna,Wagner,"53/7 Wagner Pass Smithhaven, SA, 2942",2003-06-25
Alicia,Henderson,"70 Gardner Gates Hayesside, NSW, 2639",1979-11-30
April,Walls,"872 Regina Follow Loganburgh, NT, 2675",2013-12-03
Hannah,Johnson,"477 Johnson Ridge Gutierrezborough, QLD, 2926",1979-10-09
Max,Mendoza,"6 Taylor Route New Heather, ACT, 2345",1980-01-22
Karen,Whitaker,"03 Rebecca Break Jamesmouth, ACT, 2144",1991-02-25
Sandra,Nelson,"Level 0 15 Cody Crossing Katherinemouth, QLD, 0210",1981-11-06
Linda,Phelps,"773 Miller Access Michaelhaven, QLD, 2628",1991-12-19
Timothy,Potter,"Flat 73 2 Stewart Corso Lake Benjamin, SA, 2849",2016-01-23
Daniel,Pope,"Flat 83 4 Traci Ring South Hannah, NT, 2630",1983-10-15
Heather,Boyer,"Suite 644 87 Richardson Firetrail Leviborough, SA, 2826",1981-07-31
Daniel,Miles,"Apt. 632 88 Miller Sound Lake Michael, QLD, 2413",2023-07-10
Shelly,Williams,"4 Moses Pass South Michaelview, VIC, 2040",1970-09-02
Janet,Nunez,"Level 3 662 Nicholas Port Shepardberg, NT, 2371",1974-12-03
Joshua,Crawford,"946 Veronica Gap Katietown, ACT, 2987",2001-08-23
David,Hughes,"8/999 Miller Centre Kimberlyview, VIC, 2615",2007-03-16
Katie,Brennan,"Unit 56 526 Ellis Square East Amy, ACT, 3840",1991-11-08
Randall,Perez,"963 Brett Alleyway West Brooke, SA, 2936",2019-09-10
Janet,Ruiz,"Suite 509 3 Pratt Parade St. Candice, VIC, 2816",1991-08-23
Francis,Mueller,"8 Mueller Siding Reginahaven, ACT, 2912",2007-11-29
Stephen,Kelley,"2 Brian Motorway West Tinachester, TAS, 0919",2003-11-09
Max,Mccullough,"Suite 257 29 William Centre South Catherinemouth, VIC, 2992",2001-03-08
Lindsay,Hernandez,"38/880 Brian Viaduct Austinberg, ACT, 2416",2000-02-01
Brenda,Davis,"Unit 85 88 Cindy Quay Sampsontown, WA, 2691",1999-11-15
Samantha,Wheeler,"Suite 020 948 Laura Entrance New Christopherberg, VIC, 2929",1998-03-05
Paul,Price,"2 Julia Gate Johnsonchester, TAS, 7673",1991-03-05
Adam,Davis,"Apt. 199 6 Scott Park Lake Gregory, WA, 2671",1978-08-15
Angela,Briggs,"Unit 36 4 Antonio Ramble Port Jessefurt, SA, 2696",2011-07-20
Wayne,Watkins,"190 Lawrence Estate New Hannah, QLD, 2606",1983-04-15
Samantha,Flores,"62 Jeanette Pocket North Sarahfurt, QLD, 2619",2021-01-31
Martha,Johnson,"575 Richard Highroad Justinhaven, NT, 2906",1979-12-24
Melissa,Lee,"Unit 81 7 Webb Lees Port Kevinside, NT, 0825",2003-01-31
Karen,Walton,"Apt. 495 0 Case Garden Port Stephanieville, ACT, 2165",1983-01-03
Melissa,Miller,"Level 0 740 Lori Spur St. Ashley, ACT, 2974",1990-08-05
Julie,Hernandez,"6 Hendricks Rosebowl Gregoryhaven, VIC, 7473",1994-10-05
Robert,Grimes,"27 Rebekah Esplanade Johnview, QLD, 0887",2016-03-10
Rachel,Pruitt,"Suite 008 526 Richard Cutting East Melvinborough, TAS, 2613",2017-06-21
Linda,Holt,"999 Allen Edge West Elaine, NT, 8063",1974-06-25
Derek,Johnson,"03 Regina Lane New Christopher, ACT, 2963",1983-01-30
Megan,Owens,"2/7 Mays Tollway Jorgeport, QLD, 2918",2008-04-07
Sarah,Wagner,"7 John Ring Rochatown, VIC, 7978",1986-01-26
April,Stone,"Apt. 712 94 Jordan Vale Edgarport, NSW, 5213",1985-08-27
Molly,Prince,"321/0 Snow Deviation Shelbyview, VIC, 2688",1995-05-09
Jessica,Patel,"Level 4 5 Karen Entrance Lake Jenniferview, SA, 2933",2019-04-30
Kevin,Moore,"88 Jennifer Quay Port Gregoryville, NSW, 2650",2008-05-06
Barbara,Hernandez,"2 Jones Freeway St. Keith, TAS, 2962",1974-02-22
Melissa,Townsend,"Flat 70 479 Tyler Key Bradleyton, WA, 0889",1974-10-15
Katie,Walker,"Flat 72 6 Gloria Plateau Cameronfurt, TAS, 2615",2005-04-09
Kevin,Mendoza,"4/9 Douglas Brow Micheleborough, SA, 2668",2016-01-29
Wendy,Ali,"8 Robert Garden Michaelport, SA, 2517",1975-07-30
Stephen,Scott,"Level 2 56 Thomas Tollway Johntown, NT, 2632",1992-09-03
Laura,Goodman,"Level 2 8 Yolanda Retreat Port Douglas, VIC, 2938",1974-02-10
Karen,Cruz,"5 Randy Range Tamaraberg, WA, 2975",2001-04-04
Douglas,Mills,"1/512 Troy Green Rojasview, ACT, 2936",1978-10-25
Joseph,Hopkins,"Apt. 511 27 Jason Cross Thomasmouth, SA, 2653",1989-02-12
Joshua,Nunez,"28 Katherine Anchorage Lake Meganfurt, NSW, 2917",2009-09-11
Robert,Obrien,"Flat 18 9 Franklin Dell West Tony, TAS, 4790",1985-12-25
Brandi,Peters,"Suite 035 695 Ochoa Pathway North Kellyland, NT, 2187",1984-03-23
Brittany,Norton,"789 Levine Common St. Jeremyfort, WA, 0809",2009-05-15
Aaron,Martin,"3 Jamie Street Port Javierberg, QLD, 2059",1987-02-10
Matthew,Bowen,"Apt. 067 6 Herbert Byway West Samuel, ACT, 2050",1997-10-30
Tina,Vance,"286/9 Tate Terrace Keithfort, WA, 2134",1981-09-24
Kevin,Nunez,"3 Huerta Brow Kevinmouth, NT, 2603",1993-12-22
Eric,Walls,"3/797 Reyes Freeway Rebeccaberg, NT, 2670",1984-01-01
Joseph,Smith,"491 Young Little West Natalie, TAS, 8391",1982-01-11
Madeline,Jimenez,"713 Booker Wynd North Billychester, TAS, 2978",2004-06-07
Molly,Alvarez,"89/2 Steven Plaza Brittanytown, ACT, 6964",1993-06-20
Brenda,Johnson,"Level 3 283 Anderson Vista Lake Christineburgh, SA, 2955",1991-03-14
Maria,Garcia,"70/844 James Towers Leblancmouth, NSW, 2500",1989-03-09
Gabriella,Carpenter,"443 Kathleen Quays Millerburgh, WA, 2944",2020-06-17
Linda,Rodriguez,"654 Luke Wade Lake Robertton, VIC, 5397",2012-01-09
Amy,Lopez,"861 Harris Trail Jenniferborough, NSW, 2807",2017-10-18
Holly,Erickson,"Unit 98 428 Wagner Lane St. Kristentown, VIC, 2604",1990-02-19
Wendy,Dominguez,"093 Phillips Spur Moniquefort, NSW, 5753",2013-11-02
Molly,Wise,"9 Michaela Distributor South Danielberg, VIC, 2204",1995-10-17
Michelle,Chase,"52/5 Tyler Right Of Way Dustintown, WA, 2794",1985-08-27
Sarah,Mosley,"6/298 Chandler Route Lucasside, NSW, 2923",2017-02-15
Joyce,Taylor,"371 Bowman View South Laura, ACT, 8217",1972-10-27
Jamie,Palmer,"Apt. 428 66 Moses Port St. Susan, NSW, 2679",1971-06-11
Brian,Owens,"4 Rebecca Entrance East Charlesfort, QLD, 3212",2022-05-29
Christina,Smith,"9 Hodges Ridgeway Raymouth, QLD, 2987",2016-10-21
Christina,Garcia,"Level 1 4 Brown Rest Kevinborough, QLD, 2979",1970-01-02
Stacey,Olson,"536/99 Wilson Cul-de-sac East Bonnie, QLD, 2977",1981-10-23
Cynthia,Perez,"Unit 56 6 Boyle View West Josephport, NT, 0939",2008-04-07
Tyler,Hernandez,"Flat 89 049 Gonzalez Viaduct West Markfurt, TAS, 2024",2001-05-05
Thomas,Thompson,"072 Scott Expressway Sandystad, NT, 2986",1998-02-24
Julia,Decker,"173 Hawkins Park Justinville, NSW, 2017",1990-06-24
Paul,Wright,"8 Nicole Bridge New Brittanyview, VIC, 2940",1992-04-23
John,Lane,"22 Contreras Laneway North Tylerstad, TAS, 2181",2004-04-20
Joshua,Johnson,"45 Moore Fire Track Littleview, SA, 2940",2000-05-10
Amanda,Cruz,"11 Harrison Run Ayalaside, NSW, 8677",2008-02-22
Laura,Miller,"Level 6 780 Allen Cul-de-sac Perkinsshire, ACT, 8023",2014-02-23
Tabitha,Hernandez,"5 Ryan Gully Wilsonhaven, VIC, 0275",2003-08-22
Desiree,Nunez,"45 Vasquez Close Jamesview, ACT, 2619",1991-05-16
James,Davis,"633 Seth Colonnade Eduardoborough, TAS, 2326",2005-06-24
Max,Gonzalez,"Unit 15 7 Sanchez Artery Smithstad, QLD, 6528",1980-05-17
Amanda,Bryant,"17 Scott Underpass New Debbie, SA, 2974",1975-11-26
Misty,Martinez,"Level 5 4 Lisa Gully Whitneychester, QLD, 2651",2004-09-29
Randall,Cortez,"434 Carol Upper Muellerburgh, WA, 2223",1983-11-25
Kathryn,Munoz,"Apt. 172 48 Parker Causeway Port Melissamouth, WA, 2961",2017-07-28
Tabitha,Roberts,"6 Timothy Stairs Scottton, NT, 2818",1994-01-10
Christian,Hawkins,"04 Mooney Landing West Amyton, NT, 2995",1990-03-25
Anna,Hill,"019 Kim Front Robinton, WA, 2631",1976-02-04
Robert,Haley,"433/7 Jennifer View East Holly, ACT, 2615",1999-03-09
Derek,Jensen,"09 Leon Break St. Robert, NT, 0806",1999-10-25
Jeffrey,Warner,"790/34 Esparza Cul-de-sac Port Nicoletown, TAS, 0940",2000-07-04
James,Lopez,"286/7 Gabriel Top South Jennifer, WA, 2672",1998-07-25
Ariana,Morris,"1/639 Susan Parade Kathleenhaven, SA, 2574",1980-09-01
Monica,Powers,"Suite 955 6 Luke Boulevard Knightborough, QLD, 2907",1991-10-07
David,Whitaker,"705/00 Amanda Crossing Wilsontown, SA, 2595",1992-02-17
Christopher,Williams,"67 Butler Towers Aaronside, SA, 2104",1998-09-26
Amanda,Dominguez,"29 Jessica Range West Timothymouth, QLD, 4291",2008-06-17
Brenda,Ali,"Unit 28 43 Williams Artery North Jacob, TAS, 2522",1979-05-29
Anthony,Chavez,"650 Reyes Row Port Kellyshire, SA, 2996",1999-07-04
Amanda,Lewis,"0/126 Diane Riviera Carterburgh, VIC, 2607",2011-07-13
Tom,Moore,"Level 8 8 Kaiser Quad Royburgh, NT, 2969",2021-02-04
Cynthia,Vasquez,"6 Mccann Pass Melissaborough, TAS, 0214",2011-08-08
Joseph,Johnson,"Unit 57 6 Collins Plateau Lake Kimberly, VIC, 2646",1987-06-11
Wayne,Lowe,"02/8 Michael Nook Michaelhaven, QLD, 2953",1989-07-16
James,Romero,"96 Karen View Adamsbury, WA, 2616",2018-04-25
Julie,Wright,"695 Nathan Frontage Stevenschester, VIC, 2986",2001-10-16
Joseph,Mcguire,"872/1 Patricia Mew Terrystad, QLD, 9098",2013-07-16
Theresa,Wright,"52 David Extension South Jessicahaven, NSW, 7414",1992-09-10
Maria,Campbell,"449 Tyler Street Lake Melissa, WA, 2619",1992-03-12
Henry,Burton,"Flat 71 80 Mendez Avenue St. Eric, VIC, 2686",1986-07-27
Garrett,Rios,"71 Jacqueline Top Clarkburgh, ACT, 2768",1970-11-01
Kevin,Lopez,"41 Martinez Fire Track South John, QLD, 2161",1980-08-28
Robert,Morris,"99 Clark State Highway Olsonmouth, QLD, 1222",2017-11-29
Michelle,Green,"04 Michelle Subway Fernandezshire, NT, 2631",1981-02-20
Max,Garcia,"72 Myers Piazza West Renee, NSW, 0891",2004-02-06
Megan,Watson,"795 Matthew Trunkway North Kevin, TAS, 6083",1994-11-19
Linda,Hernandez,"1/2 Vanessa Row Ericview, NT, 2707",1978-09-22
Zachary,Hodge,"330 Hubbard Cutting Anthonyborough, WA, 2935",2019-06-11
Brenda,Roach,"26 Nguyen Gates New Johnton, QLD, 2934",1985-12-25
John,Mendoza,"Flat 94 74 Gail Brow Burgessstad, TAS, 2959",2022-11-01
Walter,Davis,"Unit 33 370 Lee Roadway New Emilyhaven, TAS, 2750",2009-02-18
Christina,Larsen,"07 Sullivan Roadside Taramouth, TAS, 2916",1993-05-12
Tyler,Stewart,"85/988 Shane Circuit New Emily, VIC, 2915",2015-05-15
Andrea,Johnson,"Suite 782 1 Tyler Green Hornemouth, QLD, 2906",2004-04-15
Linda,Gilbert,"841 Cooper Retreat Charlesborough, WA, 2913",1985-05-09
Mary,Park,"Level 0 159 Michelle Lower New Erin, SA, 2512",2013-11-02
James,Ward,"Flat 38 48 Spencer Part West Joycestad, WA, 2882",2006-09-03
Jeffrey,Kennedy,"37 Anderson Rotary Andrewport, TAS, 4288",2003-02-18
Yolanda,Cruz,"6 Theresa Meander Keithmouth, ACT, 2967",1975-03-10
Sarah,Smith,"36/42 Daniel Triangle Donnaville, NSW, 0801",1970-09-06
Jamie,Kennedy,"9 Dennis Roads St. Amanda, ACT, 6207",1974-08-04
Derek,Bryant,"Unit 33 37 David Cove St. Bonniefurt, TAS, 2965",1971-10-05
Molly,West,"Suite 981 4 Perry Rise New Barbaraport, NSW, 2660",2020-03-27
Tina,Oconnell,"Level 8 1 Nathan Block Port Edward, NSW, 2331",2020-02-07
William,Johnson,"1/6 Castillo Triangle Cherryview, NSW, 2637",1981-09-03
Jeffrey,Martin,"48 Sandy Crest Wolfeport, NT, 2317",1985-08-17
Michael,Morris,"Level 1 289 Jerome Firetrail Parkerview, SA, 2647",1991-05-04
Nicholas,Mccarthy,"142 Stone Cutting Danafurt, ACT, 2953",1991-05-18
Kimberly,Wilson,"7 Melissa Lane South Christina, SA, 2287",1980-10-22
Kevin,Sellers,"80/466 James Gully Jessicaland, SA, 2638",2016-12-13
Lindsay,Turner,"28 Shepherd Cul-de-sac Adammouth, ACT, 2320",2001-08-28
Aaron,Hicks,"9 Mays Laneway South Andrewside, SA, 2997",2008-03-16
Sean,Davies,"32 Hess Cruiseway West Dennisberg, SA, 2947",1995-01-22
Jeffrey,Shaw,"96 Harper Junction Port Josephville, TAS, 2884",2004-06-29
Sandra,Boyer,"5 Williams Ronde New Daniel, QLD, 2911",2004-06-10
Jeffrey,Davis,"7/98 Michael Footway Lake Nicoleton, ACT, 2604",1984-05-01
Sandra,Roberts,"654 Cooper Elbow New Victor, TAS, 2684",1982-06-27
Max,Heath,"682 Joshua Fire Track South Destinyfort, VIC, 2958",2002-04-12
Max,Sawyer,"Unit 45 37 Wallace Steps Lake Alison, VIC, 2630",2020-05-20
Douglas,Crawford,"4 Victoria Crest New Melissastad, TAS, 2654",1990-11-11
Anthony,Kennedy,"Flat 27 060 Erin Pocket Farmerbury, ACT, 2935",1989-11-02
David,Serrano,"Level 1 80 Laurie Brace Kelleymouth, SA, 0978",1985-08-03
Sarah,Gomez,"997 Miranda Roadway Hollandhaven, ACT, 2626",1970-10-31
Nicholas,Williams,"96 Jones Terrace Silvastad, WA, 2445",2001-08-21
Brenda,Cox,"3 Pierce Towers Michaelberg, SA, 2011",1991-07-21
Robert,Clark,"Flat 65 20 Charles Gate Wilsonshire, NSW, 4158",1989-02-17
Martin,Price,"511 Andersen Vista Ericville, VIC, 2657",1972-09-21
Janet,Ray,"6/878 Gomez Gardens Walterburgh, VIC, 0812",1988-09-30
Sarah,Holt,"558/05 Dalton Ronde West Dianaberg, SA, 2526",1993-02-10
Lori,Miranda,"55 Laura Quay Perezfort, VIC, 2619",2010-09-23
Micheal,Johnson,"1 Charles Slope North Michael, NT, 1335",2020-05-03
Karen,Johnson,"Flat 72 5 Amanda Alleyway New Caseyport, WA, 2603",1993-09-12
Karen,Hardy,"500/2 Moyer Quad North Ashleyhaven, SA, 2941",2018-05-03
Megan,Weaver,"80/3 Mary Basin South Jamesmouth, SA, 5967",2001-10-27
Sarah,Warner,"530 Christopher Sound Gatesborough, SA, 2924",1999-03-16
Monica,Whitaker,"4 Craig Deviation Michellefort, WA, 2602",1983-01-01
Kayla,Robinson,"7 Williams Track South Daniel, ACT, 2674",1992-10-26
Jaclyn,Hinton,"89 Morales Road Lancefort, NSW, 2604",2007-07-20
Douglas,Lam,"Level 7 705 Norman Roadway Patelview, VIC, 2920",1994-11-25
James,Hood,"454 Moore Crossing Port Courtney, WA, 2694",1998-08-09
Katherine,Martinez,"Flat 51 47 Davis Subway West Michael, NSW, 2953",1982-04-18
Christina,Kaiser,"021 Monica Brow Feliciaton, NSW, 7119",2012-07-05
Jonathan,Watkins,"115/98 Chase Pathway Port Matthewville, WA, 2901",1978-05-10
Joel,Peters,"84 Elizabeth Heights Whitneyborough, SA, 2962",2021-03-03
John,Bryant,"28/76 Harris Circle Port Erin, NSW, 9164",1970-12-29
Brian,Taylor,"40 Howard Brace New Gloriaborough, QLD, 2901",1973-10-16
Trevor,Cooley,"2/11 Schmitt Access West Dakotaborough, TAS, 2887",1991-08-16
Douglas,Howard,"419/9 Craig Trail West Jeremybury, ACT, 2656",1978-10-06
Mark,Cruz,"5 Jason Boulevard New Linda, ACT, 1125",2009-03-16
Richard,Wilson,"Suite 199 538 Alexis Triangle St. Kimberly, ACT, 2698",2015-03-19
Samantha,Lee,"1/68 Castillo Ring Joelside, NT, 2619",1981-08-17
Emily,Ramirez,"Apt. 701 428 Eric Top South Susan, NT, 2988",1990-01-09
Michael,Oconnell,"20/33 Carroll Siding Youngtown, QLD, 5424",2012-03-13
Kevin,Bryant,"Unit 03 272 Justin Beach Peckborough, TAS, 1311",1972-01-10
Max,Pratt,"2 King Anchorage Jenniferborough, ACT, 2000",1989-05-24
Linda,Hernandez,"67 Michael Green Lake Crystal, TAS, 2437",1999-04-30
Julie,Reeves,"5 Joe Fairway West Ryan, NSW, 2798",2001-10-30
Cory,Taylor,"420 Derrick Trailer Kaitlinborough, TAS, 1162",1995-03-10
Michelle,Kennedy,"Unit 89 259 Frank Tarn Port Vanessa, WA, 8539",1981-11-22
Katherine,Molina,"0 Gomez Vista Collinsstad, WA, 2920",2014-01-11
Douglas,Gallegos,"09/5 Mitchell Park Port Ashleychester, NSW, 4960",2021-12-24
Ann,Christian,"8 Johnson Route Port Heatherburgh, VIC, 2954",2003-03-12
Megan,Valentine,"89/0 Roy Chase St. Thomaston, VIC, 0959",2003-05-02
Max,Burch,"42 Dillon Crossway Port Stevenfort, QLD, 8879",1981-02-25
Brandon,Washington,"Apt. 602 6 Jerry Piazza Erinton, WA, 2619",2018-08-22
David,Thompson,"Suite 513 05 Gonzalez Driveway St. Melissa, QLD, 0241",2002-05-15
Colleen,Morgan,"Suite 276 838 Kellie Corner East Lisa, ACT, 2979",1988-12-30
Max,Mcconnell,"Flat 75 73 Timothy Arcade St. Erik, TAS, 2927",2000-10-12
Alisha,Spencer,"430 Williams Glade Kentport, NSW, 0900",2023-02-06
Hannah,Watson,"Apt. 344 697 Dawn Dell Perezmouth, QLD, 2661",1974-01-07
Timothy,Roach,"064/248 Henderson Route Alexandraberg, WA, 2234",2002-11-07
Melissa,Kennedy,"Apt. 559 80 Kayla Meander Derrickmouth, WA, 7515",2016-08-28
Lindsay,Terry,"Flat 74 034 Sandra Fairway Rhodesmouth, VIC, 2527",1994-03-24
Douglas,Jensen,"Suite 159 14 Regina Rosebowl Bondhaven, TAS, 2626",1982-04-06
Sarah,Thomas,"34 Lee Broadway North Angel, QLD, 2022",1985-11-16
Lisa,Martinez,"32 Townsend Key South Meganmouth, NT, 2920",1976-03-11
Linda,Brennan,"Flat 17 9 Linda Parade Scottberg, NSW, 2953",2013-11-27
Stephanie,Bryant,"5 Nicole Heights Lake Jeff, TAS, 2939",1978-07-03
Benjamin,Ferguson,"1/598 Martin Arcade Micheleland, TAS, 2669",1999-11-15
Kim,Roach,"7/893 Maria Bypass Vincentfort, TAS, 2944",1972-09-13
Dawn,Duran,"457 Stacy Pocket Shelbyport, WA, 2622",2014-05-15
Katherine,Sanchez,"186 Juan Spur North Stevenfurt, NSW, 6949",1974-02-11
Christina,Bryant,"1/90 Dean Villas Moralesmouth, NT, 2879",1983-12-23
Aaron,Robinson,"15 Amy Dale South Lindaborough, ACT, 2476",1984-10-04
Laura,Hughes,"10/088 Ryan Court Christopherfurt, VIC, 2748",1971-10-06
Amanda,Sherman,"Unit 59 987 Lopez Parklands East Justinfort, QLD, 2941",1993-09-15
Cynthia,Hanson,"Level 5 060 Gonzales Break Angelahaven, SA, 2170",1981-07-21
William,Sanchez,"1 Castro Quadrant Seanmouth, TAS, 2982",1979-12-19
Douglas,Thompson,"0/31 Mary Steps Tracyhaven, NSW, 2900",1984-06-03
Emily,Zimmerman,"Apt. 245 5 West Junction Barbaraton, NT, 2971",1973-08-09
Hannah,Ray,"75 Horne Bridge New Katherinechester, ACT, 2972",1997-07-01
Eric,Tyler,"Level 4 538 Haley Landing Claudiaside, QLD, 4203",1991-08-16
Leah,Trevino,"17 Joseph Laneway New Matthew, VIC, 2632",1981-11-01
Douglas,Martinez,"Unit 22 700 Susan Alleyway East Jacquelineburgh, SA, 2678",2013-11-20
Victoria,Orozco,"Flat 89 5 Richard Road Harrellmouth, WA, 0213",2001-01-06
Stephanie,Mitchell,"Flat 67 016 Bailey Gardens Katiemouth, VIC, 3896",1978-07-25
Timothy,Fuller,"Level 0 886 Michael Row North Hayden, SA, 2226",2020-03-05
Jessica,Barnett,"978 Miller Block Lake Debra, NT, 2635",1990-02-15
Lindsay,Chaney,"Flat 58 393 Kristin Crossroad South Benjamin, TAS, 2654",1998-07-28
Samantha,Dominguez,"988 Cortez Gates Austinside, NSW, 4640",2013-09-16
Anna,Bullock,"426 Miranda Edge North Gavin, TAS, 2863",1978-08-06
Kayla,Camacho,"Apt. 040 8 Joseph Track Port Stephanie, NSW, 2401",2017-10-25
Kaitlyn,Sherman,"25 Harrington Access West Danielle, QLD, 2625",1974-06-18
Charles,Smith,"8 Gloria Byway Maureenport, ACT, 2948",1995-08-01
Stephen,Bird,"7 Jeffery Gate New Marvin, NT, 2681",1973-01-30
Toni,Oconnell,"Apt. 988 978 Smith Cross Port Courtney, TAS, 2946",1975-11-10
April,Davis,"Apt. 190 4 Johnson Tollway Lake Kyliemouth, NSW, 2990",1999-03-31
Katherine,Henderson,"15 Kevin Roadside Colemanmouth, ACT, 4431",1989-02-19
David,Clark,"550 Aaron Circlet Amberfort, NT, 2915",1984-06-16
Martin,Decker,"03/9 Christine Circus Williamsborough, NSW, 2933",2005-07-11
Derek,Hernandez,"3/7 Hester Lookout Michellechester, TAS, 2925",2016-08-18
Laura,Anderson,"50 Gutierrez Plateau Bakermouth, NSW, 8603",1990-04-03
Robert,Roach,"53 Ronald Quadrant Danielmouth, SA, 3121",1994-09-08
Julie,Kennedy,"0 Adams Trailer St. Krystalfort, NSW, 2605",1978-07-21
Tina,Wolf,"0 Jeffery Place South Johnny, SA, 2652",2001-09-10
Melissa,Camacho,"Suite 488 746 Brooks Slope Port Jameshaven, NSW, 2310",2021-03-26
Jacob,Lowe,"984 Derek Landing Jefferychester, VIC, 2979",1990-03-24
Melissa,Hughes,"358 Young Flat Barnesland, NSW, 2636",1986-12-19
Amanda,Harris,"1 Nelson Gap Charlesview, WA, 2662",1989-06-16
Cynthia,Brown,"Suite 031 152 Simon Ride South Melinda, QLD, 2680",2020-09-12
David,Keller,"Suite 108 38 Black Terrace New Juan, WA, 2196",2006-09-15
Julie,Miranda,"51 Hawkins Park New Tylerburgh, TAS, 2945",1972-12-11
Holly,Ware,"243/28 Ruben Brae New Stephanie, TAS, 2871",1991-01-25
Benjamin,Weaver,"4/83 Jessica Nook Kimberlytown, ACT, 2619",1972-07-06
Kathy,Mccarthy,"831/33 Jones Part Jamesbury, TAS, 2645",1994-02-26
Jaclyn,Hughes,"40 Baker Row St. Frankshire, NSW, 2950",1994-10-31
Max,Hernandez,"0/33 Terri Avenue Laurahaven, NT, 0232",1980-06-18
Karen,Torres,"962 George Close Eugeneside, QLD, 2641",1999-05-13
Nicholas,Flores,"4 Merritt Thoroughfare North Audrey, NSW, 2586",2004-11-09
Ryan,Wilson,"98 Horne Vale North Cynthiaview, ACT, 3335",1984-03-29
Christopher,Willis,"Apt. 583 3 Yvonne Alley Lindaville, SA, 2909",1978-06-13
Barbara,Henderson,"62 Christine Trunkway St. Maryside, NT, 4671",1985-11-12
Ryan,Pope,"02/0 Daniel Riverway Matthewville, ACT, 2317",2022-01-14
Karen,Huffman,"391 Emily Circle Wilkinsonchester, NT, 2239",2012-01-05
Jonathan,Hayes,"46 Deborah Lookout Chandlerport, ACT, 2879",1989-01-14
Cameron,Short,"Level 7 57 Kyle Mews Hernandezhaven, QLD, 2931",2005-12-24
Matthew,Kennedy,"Level 2 15 Cathy Line Smithport, WA, 2961",1973-05-07
Kimberly,Hernandez,"Unit 39 49 Tyler Estate East Elizabethport, NT, 0996",1993-08-31
Monica,Smith,"Apt. 151 5 Anthony Foreshore Martinberg, NSW, 2686",1971-06-02
John,Doyle,"532 Emily Copse Payneside, WA, 6986",1976-08-06
Donna,Reynolds,"Apt. 263 522 Tiffany Gully Port Denisechester, QLD, 2646",2020-12-01
Larry,Nunez,"Unit 76 01 Meadows Trunkway Lake Debbieside, QLD, 2640",2007-06-10
Stacey,Bryant,"067 Keith Basin Michaelshire, QLD, 2917",2001-07-23
Brenda,Lucas,"4/12 Katherine Quad Lake Tylerville, TAS, 2916",2015-02-11
Kurt,Hudson,"81 Devin Centreway Butlerberg, VIC, 4711",2015-11-12
Craig,Zimmerman,"5/272 Micheal Pocket Clarkshire, NT, 5166",2023-03-03
Brandi,Anderson,"2 Gerald Circus Sweeneyhaven, NT, 5332",2004-01-06
Christina,Moses,"Apt. 032 90 Ryan Thoroughfare New Kristy, VIC, 2619",1991-09-25
Christina,Huff,"74 Jared Mall West Kristie, VIC, 2877",1979-06-14
Derek,Gilbert,"0 Gina Tor Maddoxstad, WA, 3164",1985-10-20
Ariana,Wilson,"299/273 Brett End Smithfurt, WA, 2696",2011-11-20
Kevin,Garza,"Unit 51 923 Wilson Thoroughfare Darleneshire, VIC, 2926",2015-01-11
Tina,Parks,"78/98 Barnett Cul-de-sac Lake Adrienneside, ACT, 0825",1992-09-23
David,Christian,"626 Cross Meander Timothyview, QLD, 2490",1983-03-08
Mark,Jones,"79 Russell Lees Port Karenside, TAS, 2962",1996-11-05
Jeffrey,Thomas,"499 Nguyen Beach Maddenberg, SA, 2833",2015-05-07
Lindsay,Thompson,"4 Cory Riverway St. Anna, NSW, 0848",2006-07-02
Spencer,Gallagher,"2/8 Love Court New Jeffrey, NT, 2633",2004-11-03
Lisa,Powell,"4 Jonathan Ride Stuartland, SA, 7713",2006-04-05
Amy,Reed,"8/8 Randall Link St. Megan, WA, 6972",1979-09-23
Allison,Garcia,"4/2 Jones Garden Burgessfort, QLD, 2604",2022-11-30
Garrett,Williams,"415/6 Cruz Range East Patricktown, VIC, 2607",2022-06-02
Maria,Kennedy,"6 Morris Extension New Paul, TAS, 2966",2013-12-02
Jennifer,Garcia,"Apt. 600 321 Madden Crescent Bestborough, VIC, 9437",1981-04-01
Sarah,Curry,"Level 8 6 Joseph Tollway Samanthamouth, QLD, 2890",1979-10-28
Larry,Jones,"Flat 26 6 Green Upper Smithbury, VIC, 2978",1974-06-02
Christopher,Reeves,"29 Natalie Glade West Sandraport, QLD, 2024",1972-07-19
Tami,Castillo,"64/5 Mitchell Edge St. Anna, NT, 3927",1990-10-27
Sean,Mccarthy,"Unit 79 51 Chavez Front North Danielleland, SA, 2920",1986-04-10
Tammy,Abbott,"Unit 04 76 Alicia Thoroughfare Jeanborough, ACT, 2604",1979-12-25
Maria,Ray,"54 Cabrera Rosebowl Port Jasonmouth, QLD, 2632",1998-09-16
Shelly,Petersen,"39 Elizabeth Highroad St. Chasefurt, VIC, 2648",2021-09-17
Michelle,Wagner,"Suite 497 2 Anthony Quays Mcdowellport, SA, 2914",2018-05-05
Nicholas,Price,"630 Edwards Upper Anthonyhaven, NSW, 2912",1975-11-11
Toni,Cruz,"8 Benson Top Lynnfort, VIC, 7837",1983-11-15
Garrett,Lewis,"2 Graham Key New Christina, TAS, 2969",1978-03-01
Joyce,Lane,"Level 2 8 Steven Vista Port Donald, QLD, 2676",2013-02-16
Amanda,Murphy,"Level 9 3 Richard Roadway Danieltown, NT, 2636",1977-12-01
Randall,Griffin,"28 Parker End Port Jamiechester, SA, 2618",1996-05-06
Monica,Knapp,"Apt. 874 010 Hendricks Key Williamchester, SA, 2921",1970-02-11
Emily,Jordan,"303 Danielle Circuit Thomasburgh, VIC, 2292",1999-01-19
Linda,Hinton,"Apt. 036 8 Cindy Junction Bensonfurt, WA, 8519",2013-01-18
Ronnie,Gonzalez,"Unit 12 147 Johnny Wynd North Ryanshire, NSW, 2644",2013-08-10
Julie,Lee,"Suite 763 294 Thomas Crossroad Baileyside, QLD, 0834",1996-12-14
Jeffrey,Camacho,"929 Harris Firetrail Nguyenside, NSW, 2626",1989-08-08
Mary,Robinson,"486/7 Allen Parkway New John, SA, 2051",1987-10-15
Kevin,Brown,"Suite 415 31 Wright Quadrangle Proctorhaven, TAS, 2043",2005-10-14
Katherine,Orr,"56/5 Hill Crest Barbaraberg, WA, 2629",1998-10-16
Joseph,Short,"9 Stewart Viaduct Lake Nicholas, TAS, 2959",1983-07-28
Samantha,Price,"510/3 Payne Trail St. Karenchester, SA, 3571",1994-03-18
Robert,Tyler,"698/5 Wilson Lees Samanthaton, NT, 6737",2014-09-10
Tina,Vance,"573 Joseph Access North Sara, SA, 2834",2000-01-05
Richard,Turner,"75 Scott Court West Amanda, TAS, 2865",2003-04-12
Kelly,Bowen,"Unit 55 67 Gerald Right Of Way Charlesfort, NSW, 2626",1991-08-17
Sandra,Johnson,"899 Owen Run Thomaschester, QLD, 2629",2004-12-21
Jason,Richardson,"330 Stevens Triangle Lake Keithside, VIC, 2628",1992-11-19
Adam,Hill,"6/81 Booker Viaduct Wiseland, QLD, 0224",2001-02-22
Pamela,Tate,"58 Deborah Lower St. Garrett, QLD, 2619",1978-03-06
Kathryn,Wilson,"9 Nicole Stairs Lake Victoriaview, ACT, 2633",1983-10-15
Barbara,Hernandez,"3 Dorsey Follow Franktown, WA, 1616",1988-03-11
Cameron,Molina,"Unit 37 726 Erica Bypass Alexfurt, NT, 2946",2017-12-26
Elizabeth,Chang,"Suite 787 476 Gary Highway Cummingsfort, TAS, 2981",2000-07-09
Katherine,Obrien,"Level 7 9 Fernando Beach Adrianmouth, NSW, 2688",2023-04-19
Wayne,Price,"Unit 87 200 Peters Link Lake Ryanmouth, TAS, 2920",1985-05-15
Charlotte,Harris,"Level 0 247 Brittany Ramble Lake Sandra, TAS, 2632",2011-11-19
Eric,Brown,"24 Darren Glade Leslieside, VIC, 2172",1975-02-27
Stephen,Huff,"3 Robinson Quays St. Chloe, VIC, 2671",1985-11-18
Bryan,Walton,"3 Tracy Steps Ryanbury, QLD, 2953",2009-08-19
Jeffrey,Goodwin,"5 Emily Brace South Jacquelinemouth, TAS, 2615",1987-03-27
Eric,Dominguez,"Apt. 728 505 Wallace Freeway Shawnburgh, VIC, 2616",1990-06-13
Adam,Patel,"517 Shannon Towers Port Kathy, SA, 2904",1990-06-13
Sarah,Hernandez,"Unit 30 99 Samuel Stairs Port Jonathanhaven, QLD, 2910",1985-11-21
Catherine,Bruce,"15/929 Ferrell Lower Castilloberg, WA, 7925",1987-11-22
Sarah,Price,"6 Washington Glade Bradleybury, QLD, 2927",1990-11-11
Michelle,Hughes,"Apt. 894 73 Diaz Corso East Saramouth, QLD, 7082",1990-04-23
Tami,Hughes,"53/253 Duffy Formation Port Cynthiaberg, TAS, 2968",1975-01-23
Tiffany,Barber,"305/264 Dorothy Upper New Frankton, ACT, 2920",1976-06-21
Seth,Perez,"3/6 Kyle Drive South Thomas, NT, 2679",1993-06-24
Victoria,Jefferson,"Level 3 431 Vincent Cross Mooreview, VIC, 2313",1972-09-27
Cameron,Wilson,"0/01 Welch Crossing Taylorberg, NSW, 3138",2007-02-15
Ann,Nunez,"192 Sydney Underpass Hooperstad, SA, 2363",1991-10-03
Elizabeth,Mccarthy,"01 Dean Nook West Wanda, SA, 2623",2019-01-11
April,Lee,"Apt. 968 90 Gomez Plaza Jeffreyton, QLD, 2298",1978-06-26
Timothy,Hernandez,"Suite 384 2 Ian Slope New Reneehaven, TAS, 2165",2012-03-31
Donna,Miller,"Unit 15 50 Palmer Ground West Lindseyville, VIC, 2984",1972-01-25
Karen,Brown,"11 Webster Byway North Dianaberg, NT, 2368",2002-07-20
Victoria,Rodriguez,"Apt. 431 41 Jordan Gully Johnnyburgh, NT, 2519",2005-08-04
Sandra,Banks,"594 Donna Brae West Heather, WA, 2653",1979-06-03
Robert,Mason,"Level 6 4 Stacie Meander Bradleyshire, VIC, 2321",2020-05-18
David,Reeves,"Apt. 197 68 Zachary Basin St. Angelahaven, NT, 0237",2012-03-20
Alfred,Glenn,"9 Michael Fire Track Andreton, WA, 2884",2006-12-12
Tina,Mccarthy,"62 Jackson Centre Barbarafurt, NSW, 2632",1997-06-01
Anita,Williams,"Apt. 742 3 Young Grange Lake Annette, WA, 2222",1999-12-09
Lindsay,Flores,"5/387 Debbie Highroad North Tyler, VIC, 2916",1976-07-21
Janet,Parsons,"Flat 31 71 Ingram Formation Lake Travismouth, NT, 3118",1973-09-26
Max,Garcia,"Suite 320 1 Julie Upper Thompsonberg, QLD, 2661",1976-11-23
Kyle,Decker,"4 Adrienne Courtyard Welchshire, NT, 0827",1988-06-10
Kristen,Ray,"495 Dan Top Colleenside, SA, 1079",2015-12-02
Samantha,Garcia,"350/66 Phillip Fire Track South Nancy, QLD, 2837",2013-03-03
Dawn,Tucker,"6 Jerry Alley North Nicoleborough, WA, 2693",2003-01-10
Tom,Moore,"089 Burns Lower Jessicafurt, NT, 2085",2014-12-15
Stephen,Molina,"11 French Dell St. Ashley, NSW, 5521",1994-02-06
Jeffrey,Hudson,"Level 2 055 Adam Cove Douglasshire, QLD, 2342",2017-02-05
Daniel,Thompson,"3 Alejandra Highroad Montgomeryton, VIC, 0202",1970-05-22
Leah,Escobar,"Apt. 426 3 Brendan Gates South Stevenchester, SA, 2918",2016-08-31
Linda,Glover,"9 Kathleen Walkway Lake Peter, VIC, 2693",2019-11-30
Katherine,Miller,"Suite 240 94 Jonathan Formation South Katherine, SA, 8670",1994-07-06
Jonathan,Richardson,"30/42 Joshua Intersection South Joseph, TAS, 2906",1976-08-28
Heather,Wang,"9/32 Barton Dell Williamsbury, VIC, 2920",2022-04-26
Jennifer,Martinez,"Unit 77 305 Laura Trunkway East Deniseland, NSW, 2978",2017-10-22
Christina,Davis,"558 Gina Copse Tamaraside, WA, 2932",2018-01-18
Heather,Waters,"141 Christine Mews Ingramburgh, SA, 9628",2017-12-29
Christina,Jefferson,"Apt. 991 35 Andrew Junction Shawnmouth, QLD, 2597",1993-10-23
Marcus,Mcclure,"976 Stewart Route Aliciamouth, WA, 2299",1975-06-22
Nathan,Ayers,"5 Kenneth Junction St. Susan, NSW, 2763",1984-07-12
Kyle,Hubbard,"Suite 282 17 Carroll Quay New Ronaldshire, NSW, 2036",1972-09-08
Cynthia,Smith,"220/9 Hill Place South Erin, SA, 2819",2014-10-17
Lawrence,Cooper,"11/87 Turner Ronde East Amberborough, WA, 2617",2010-12-28
Michael,Serrano,"6/727 Andrea Wade West Eric, NT, 2698",1976-11-19
Sherri,Miller,"1 Rebecca Way St. Marcuschester, VIC, 8862",2001-04-12
Dawn,Wise,"6 Robert Crossway Leeborough, SA, 2903",1977-08-22
Cameron,Thomas,"Suite 624 834 Murphy Thoroughfare New George, TAS, 2980",1991-11-19
Francis,Pearson,"Unit 59 960 Diaz Alleyway West Melissaport, NSW, 2670",1991-03-11
Kayla,Stone,"9 Burnett Cutting Deborahshire, QLD, 6857",1992-11-26
Jessica,Peters,"505/95 Nathan Lower East Jonathan, SA, 2901",1999-06-14
Barbara,Owens,"Flat 53 3 Lewis Highroad North Samanthashire, ACT, 2615",2016-04-05
Cody,Harrell,"57 Stewart Street Grahamland, TAS, 2918",1994-09-10
Sarah,Miranda,"Flat 84 34 Theresa Trailer Wolfefort, SA, 2699",1989-09-29
April,Hill,"29/0 Gallegos Basin North Alexanderport, SA, 2920",1993-01-08
Sean,Young,"023/26 Melinda Range St. Christopher, SA, 2635",1974-11-26
Pamela,Miles,"983 Dominic Courtyard Richardside, SA, 2920",2009-08-16
James,Daniels,"507 Craig Plateau Gutierrezbury, SA, 2654",2015-04-11
Cynthia,Kennedy,"1 Sherman Highroad Florestown, TAS, 4848",1975-09-13
Christina,Kennedy,"05/7 Victoria Outlook Jonesberg, TAS, 2636",1992-10-27
Melissa,Garcia,"4 Mullins Ramble South Nathan, ACT, 2857",1989-08-06
Max,Murphy,"04/71 Stephanie Cutting Simmonsside, VIC, 4825",1987-06-01
Timothy,Ali,"2/744 Guzman Gully West Christinechester, SA, 2931",2020-07-16
Max,Bryant,"699 Smith Block North Scottmouth, SA, 2934",1992-03-19
Karen,Duran,"Flat 43 4 Peterson River New Michaelland, ACT, 2271",1971-09-14
